,Genes,gene_length,pFAM_domain_number
0,LAGE3,1488.0,1
1,KIF5C,122938.34146341465,1
2,ARFGAP2,12826.0,1
3,PTPN4,224977.0,6
4,SLC24A2,279476.0,1
5,RASA1,124043.0,5
6,DST,496662.0,7
7,LRFN4,3828.0,3
8,KCNQ5,577059.0,2
9,NPY2R,8442.0,1
10,LRFN1,8768.0,3
11,KIF26B,469959.1333333334,1
12,PRKCA,508130.0,4
13,UBE2D3,74513.0,1
14,CNTN1,379976.0,3
15,PCMT1,61977.0,1
16,SLC6A15,54124.0,1
17,ACTR1B,8144.0,1
18,SNAP25,88588.0,1
19,RPS14,7104.0,1
20,CRMP1,144974.0,1
21,RAB22A,57792.0,1
22,PRPSAP2,91202.0,2
23,TSPYL4,4179.0,1
24,TPI1,3829.0,1
25,FBXW11,145324.0,3
26,SPIN3,177529.0,1
27,SNPH,43048.0,1
28,CHD4,44442.0,8
29,AK5,277947.0,1
30,EIF4E1B,16026.0,1
31,PCDH9,927611.0,3
32,ANK3,707192.0,7
33,TRPM2,92918.0,2
34,DOK6,448199.0,1
35,KCNB2,401124.0,3
36,TOMM20,19496.0,1
37,ARHGEF11,110530.0,4
38,SMARCA4,118601.0,7
39,FSCN1,13839.0,1
40,FOXE1,3461.0,1
41,G3BP1,41740.0,2
42,MAGED1,99350.0,1
43,KCNC4,71757.0,3
44,NCEH1,80969.0,1
45,ARL8B,58667.0,1
46,MGAT3,35182.0,1
47,BAG6,13680.32558139535,2
48,HNRNPM,44347.0,2
49,DPP6,1006861.0,2
50,DNAJC7,44941.0,5
51,SNN,10697.0,3
52,AP2B1,148367.0,3
53,ASTN2,989845.0,4
54,RAP1GDS1,182477.0,1
55,ATCAY,48218.0,2
56,SSX2IP,47096.0,1
57,GDAP1,167742.0,2
58,CLTA,113925.0,1
59,MAPRE2,166542.0,2
60,BAG4,36768.0,1
61,SLC7A14,126527.0,2
62,RAB6A,85499.0,2
63,APOO,74581.0,1
64,SLITRK1,5188.0,1
65,GABRD,11429.0,2
66,MRPL28,4320.0,1
67,EEF1D,19030.585227272728,2
68,APOA1,2199.0,1
69,PIN1,14425.0,2
70,ATR,129726.0,4
71,CAMTA2,19683.0,2
72,NCAM1,317189.0,3
73,RGS20,107508.0,1
74,MDH1,18588.0,2
75,KNDC1,66193.0,3
76,CPEB1,102154.46511627908,3
77,RAB1A,59635.0,1
78,LANCL2,68294.0,1
79,SLC35B4,27598.0,1
80,RB1,295710.0,4
81,ELAVL1,47086.0,1
82,LRRC40,60774.0,2
83,PNMA2,9391.0,1
84,GSTP1,3061.0,3
85,ACTN4,83940.0,4
86,AP2A2,79715.70528967255,3
87,UPF1,36298.0,5
88,SPEN,92749.0,2
89,GIT2,66587.0,5
90,JPH1,86840.0,1
91,AR,186598.0,3
92,GPI,36129.62222222221,1
93,PRMT8,212624.0,1
94,CAMKK1,34576.0,1
95,CAMK1D,486063.0,1
96,PRKCB,384628.0,4
97,CAD,26574.0,8
98,MCM2,24026.0,5
99,SYT3,18574.0,1
100,TARDBP,14076.0,2
101,SSRP1,9906.0,4
102,RPL12,3732.0,2
103,HNRNPA0,8725.0,1
104,ANXA2,55749.0,1
105,CHST1,17933.0,1
106,ACTR1A,40831.0,1
107,ZBTB18,8537.0,3
108,RYR2,791804.0,9
109,RIPPLY2,4249.0,1
110,TOMM34,18267.0,1
111,MSH2,260177.0,5
112,MYCBP2,282437.0,6
113,EEF1G,14490.0,3
114,KCNG3,51965.0,2
115,RHBDL1,2602.0,1
116,OTUB1,15958.0,1
117,A2M,48565.0,7
118,MCM7,9212.0,4
119,PHB2,5498.0,1
120,MYO1C,28500.0,3
121,GALNT13,582057.0,2
122,APBA2,219876.96703296702,2
123,CD44,93532.0,1
124,PHYHIPL,71131.0,1
125,KIF1B,170798.0,6
126,ALDH5A1,42355.0,1
127,RPSA,5826.0,2
128,NEUROG3,1540.0,1
129,CACNA1C,730150.0,4
130,CATSPERD,58097.0,1
131,BRWD1,137383.0,2
132,PKM,32793.0,2
133,MAST1,41001.0,3
134,ATL1,100559.0,1
135,AKAP6,508386.0,1
136,NDRG3,94324.0,1
137,NDUFA4,8210.0,1
138,TRIM26,28961.295566502467,4
139,SLC4A10,560950.0,2
140,KAT6B,207697.0,4
141,KIF3C,56151.0,1
142,DHX9,48635.0,5
143,SRPK2,288604.0,1
144,CSE1L,50714.0,3
145,CSMD3,1214011.0,2
146,FBXL17,523063.0,2
147,BTF3,7227.0,1
148,RAB8A,22345.0,1
149,ALDOA,6293.0,1
150,CDH16,10795.0,1
151,SYT13,46039.0,1
152,MAGEE1,3629.0,1
153,HSD11B1L,7919.0,1
154,RPL31,21803.0,1
155,USP11,15638.0,4
156,FKBP3,19720.0,2
157,XRCC5,98839.0,4
158,NFKBIA,3238.0,2
159,SOX2,2511.0,2
160,PIK3CB,182239.0,5
161,CACYBP,12552.0,3
162,DNAJA2,18312.0,3
163,CLIC1,9183.0,2
164,FRMD5,324510.0,4
165,BCAR1,39875.0,4
166,DSTYK,69197.0,2
167,RPL10A,2384.0,1
168,EIF3F,31611.0,2
169,EHBP1,372636.0,3
170,TMEM25,16239.0,1
171,GNB2,5607.0,1
172,FBXL2,126637.0,2
173,LRRC4C,1345570.0,3
174,SYBU,117813.0,1
175,USP7,72417.0,4
176,LRFN2,195879.0,3
177,SRRM2,19912.0,1
178,GRIK1,403100.0,3
179,NUP93,120168.0,1
180,GPR52,1471.0,1
181,KPNA2,11146.0,3
182,DACH2,684153.0,1
183,PRKCZ,134984.0,4
184,RAB14,44881.0,1
185,CPLX2,87711.0,1
186,PPP2CA,31741.0,1
187,GSK3A,12435.0,1
188,AP2A1,40145.0,3
189,NIPSNAP1,26529.0,1
190,ALDOC,3833.0,1
191,LIN7B,4136.0,2
192,CBX6,10864.0,2
193,RPL35,4101.0,1
194,SLC9A6,73428.0,1
195,LGI3,10254.0,3
196,TUBB,5206.25,2
197,MAP1LC3A,13491.0,1
198,PTK2,344316.0,4
199,MYPOP,12590.0,1
200,LIMCH1,340437.0,3
201,SRSF1,6427.0,1
202,SVIL,279443.0,2
203,PCDHGA3,169150.0,4
204,TUBB4A,8529.0,2
205,ELMO1,594888.0,3
206,ALYREF,3742.0,2
207,RAB4B,18726.0,1
208,RNF6,90199.0,1
209,ATP6V1C1,51988.0,1
210,SND1,440415.0,2
211,PRDX1,12011.0,2
212,GABRG1,88285.0,2
213,UCHL5,47830.0,2
214,OMG,25526.0,3
215,TTC1,56430.0,2
216,CELSR2,26212.0,8
217,NOTCH3,41957.0,9
218,KIF13B,195846.0,6
219,RIMKLA,43440.0,1
220,GRB2,87633.0,2
221,UNC79,374657.0,1
222,RIMS4,58530.0,1
223,CCDC88A,132053.0,1
224,RPS4X,21569.0,5
225,ST3GAL3,225341.0,1
226,EMD,2326.0,1
227,RAB39B,6256.0,1
228,MAPK10,604618.0,1
229,PTPRN2,992052.5663716814,3
230,CTTN,38180.0,3
231,TTN,304813.0,6
232,BDNF,67165.0,1
233,FAM98A,15722.0,1
234,AKTIP,13371.0,1
235,BRI3BP,37586.0,1
236,STAU2,327339.0,2
237,SNAP23,54123.0,1
238,BRSK1,30461.0,1
239,NRXN3,1697917.0,3
240,SPOCK1,623081.0,3
241,MLLT11,10739.0,1
242,POLR2A,29917.109589041094,8
243,DMTN,33532.0,2
244,GRIN2C,19481.0,4
245,G3BP2,81743.0,2
246,LRRC4,5036.0,2
247,USP5,14504.0,4
248,CDH1,98249.0,3
249,SPTBN5,45907.0,2
250,ZNF534,23128.0,2
251,NDRG4,50782.0,1
252,BZW2,60392.0,1
253,EZR,53627.0,4
254,GRN,7860.0,1
255,CAMK1G,30225.0,1
256,CABP1,26772.0,1
257,OLFM3,194456.0,2
258,SF3B4,4486.0,1
259,NEDD8,15510.0,1
260,RPS15,2136.0,1
261,ATF2,96132.0,1
262,MPP1,42323.0,4
263,CADM1,335739.0,3
264,SH2D5,13106.0,1
265,PRRC2A,17049.85714285714,1
266,ATXN3,62125.0,3
267,EVL,172787.0,2
268,MYH9,106790.0,3
269,TJP2,153351.0,3
270,RPL10,19213.0,1
271,SNRPN,155086.0,1
272,GABRA5,82297.0,2
273,EPB41L3,238319.0,6
274,CLTC,77267.0,4
275,AP3M2,18727.0,2
276,ENO2,9953.0,2
277,FSD1,19245.0,2
278,KNG1,27062.0,1
279,ZEB2,156693.0,2
280,MKI67,29764.0,3
281,CNP,10977.0,2
282,TMEM17,11676.0,1
283,PINK1,18053.0,1
284,SH3GL3,171515.0,2
285,PPFIA3,31482.0,2
286,USP9X,151134.0,1
287,PCDH8,5752.0,2
288,HNRNPF,23549.0,2
289,CKB,3166.0,2
290,KRT18,4035.0,1
291,ZIC1,116871.0,2
292,MICAL2,265136.0,4
293,TMOD2,64766.0,1
294,SEZ6L2,28388.0,2
295,SYNDIG1,196987.0,1
296,ATP6V1A,65023.0,3
297,CISD1,20424.0,2
298,ATP2B3,65263.0,6
299,IL1RAPL2,1201514.0,4
300,SGTA,28567.0,3
301,TYRO3,25914.0,3
302,RUVBL2,22408.0,2
303,WAC,90619.0,1
304,DVL2,9175.0,5
305,STXBP5L,516689.0,3
306,CAMSAP2,121146.0,3
307,DGKB,829728.0,5
308,INSM1,2845.0,1
309,NF1,287189.0,2
310,PDPK1,65209.0,2
311,PIP5K1C,70296.0,1
312,ANLN,63970.0,3
313,NRCAM,309094.0,4
314,TRIM9,120799.0,4
315,ACOT7,130122.0,1
316,DAGLA,66610.0,1
317,NFATC4,13931.0,2
318,AGAP3,58605.0,4
319,RPN2,63209.0,1
320,DCC,1195706.0,4
321,LZTS2,11218.0,1
322,ZNF804A,340963.0,1
323,PLEC,61587.0,5
324,CBL,107650.0,5
325,RANBP6,4582.0,4
326,APC,138741.0,15
327,LMO3,62222.0,1
328,CHD5,78534.0,8
329,RIF1,98130.0,1
330,LRRTM4,845600.0,1
331,ATP6V1F,2991.0,1
332,GABRB1,432721.0,2
333,APBA1,146725.5,2
334,KLHL3,118589.0,3
335,PKD1,47188.0,7
336,ISCA1,18556.0,1
337,KRAS,46147.0,1
338,LIG4,10929.0,5
339,CACNA2D1,497333.0,3
340,SRC,61365.0,3
341,KCNQ3,360236.0,3
342,NPM1,24021.0,2
343,CEP170,130911.88841201714,2
344,RPL17,4070.0,1
345,PCDHA4,205418.0,3
346,LRBA,751292.0,6
347,BTRC,203288.0,3
348,STAM,72673.0,3
349,ASNS,20865.0,2
350,COG1,15875.0,1
351,ASAH1,29006.0,2
352,RUVBL1,92589.5,2
353,SETDB1,38481.0,6
354,CACNA1A,426583.0,3
355,SERPIND1,13607.0,1
356,MADD,60870.0,2
357,DNAJC9,65500.0,1
358,KLC2,10566.0,2
359,RANBP2,66327.0,4
360,MEPE,25406.0,1
361,OTUD7A,395391.0,3
362,DVL3,18237.0,5
363,EHMT2,16993.728758169935,3
364,DCAF7,43802.0,1
365,PLXNA4,525356.0,6
366,PIGT,40850.0,1
367,CHN1,206068.0,3
368,GRB10,203399.0,4
369,MCM4,17975.0,4
370,IPO5,70639.0,5
371,ELAVL2,136233.0,1
372,TRAF2,44695.0,3
373,UBC,5764.0,1
374,EEF1A1,8047.0,3
375,IGSF8,7603.0,1
376,DLGAP3,64214.0,1
377,TIAM1,441561.0,5
378,PFKP,71385.0,1
379,RPL7A,3208.0,1
380,MED12L,351375.0,3
381,CIPC,19161.0,1
382,CORO1C,86487.0,3
383,ACTR2,43500.0,1
384,PGP,2810.0,2
385,AIFM1,36525.0,3
386,RIMS3,45002.0,1
387,PELI3,11010.0,1
388,PIK3R1,86065.0,3
389,PTPRA,174892.0,1
390,SGTB,57107.0,3
391,PSMC5,4874.0,3
392,ILF2,9240.0,1
393,OPRD1,59125.0,1
394,PPP3R1,77380.0,1
395,ATP9A,172120.0,4
396,CCDC85B,1523.0,1
397,MEP1A,46393.0,3
398,PAK2,92790.0,2
399,LARP1,104762.0,1
400,RELA,9493.0,2
401,EFNB3,6170.0,1
402,PODXL2,43617.0,1
403,ZMAT4,367243.0,2
404,REPS2,206614.0,1
405,RAB37,76757.0,1
406,DDX18,17686.0,3
407,RAB31,154276.0,1
408,ZFYVE9,204592.0,3
409,TRPC5,308461.0,3
410,COPB1,56587.0,3
411,SCN1A,164573.0,3
412,EPS15,165003.0,1
413,RAB9B,9930.0,1
414,NEFM,5340.0,2
415,PDGFRB,42033.0,4
416,SEZ6L,214135.0,2
417,KIFAP3,163882.0,1
418,LGALS3BP,8709.0,2
419,GIGYF2,163276.0,1
420,CPEB3,244386.0,2
421,DDAH1,259882.0,1
422,ENO1,18190.0,2
423,PRPF8,34245.287234042546,8
424,NDFIP1,45661.0,1
425,UBE2K,84683.0,2
426,FANCI,73312.0,7
427,HABP4,41167.0,2
428,PLCG1,59841.0,5
429,INPP5F,103105.0,3
430,ATP2A2,70337.0,5
431,NECAB1,167652.0,2
432,NLRP2,40604.98523489933,5
433,ACTN1,105297.0,4
434,RAI14,176284.0,3
435,SQSTM1,31680.0,3
436,ATP1A3,30915.0,4
437,FGB,8130.0,2
438,RPL23,5904.0,1
439,HSP90AA1,58961.0,2
440,AFF2,500044.0,1
441,RASGRF1,130826.0,4
442,TK1,13142.0,1
443,GTSE1,33940.0,1
444,BRINP1,215977.0,1
445,ATP13A2,25970.0,3
446,PAXIP1,59397.0,3
447,IQSEC2,95522.0,2
448,ST6GALNAC5,200066.0,1
449,MAP7D2,110194.0,1
450,PURG,37913.0,1
451,HSP90AB1,7722.0,2
452,CAMKK2,60633.0,1
453,HLA-B,87548.58771929824,3
454,HECW1,453372.0,5
455,YES1,90958.0,3
456,NOTCH1,51615.0,8
457,IQGAP1,113997.0,4
458,AGAP2,18396.0,3
459,TOLLIP,35283.0,2
460,NGRN,12482.0,1
461,HUWE1,154632.0,6
462,GABRB3,395993.0,2
463,TEF,31993.0,1
464,MYB,37865.0,3
465,AASDHPPT,23198.0,1
466,MYL6,5335.0,1
467,AHSA1,11602.0,2
468,DDR1,19685.42278127184,2
469,ICAM5,6826.0,3
470,ALDH7A1,64162.0,1
471,PFDN2,17499.0,1
472,NRG1,1216444.0,3
473,SMAD3,131406.0,2
474,SLITRK5,23657.0,1
475,AGO2,115477.0,6
476,SYTL5,122266.0,2
477,RAC3,2526.0,1
478,MSH6,114571.0,6
479,NOS1AP,300784.0,1
480,TENM1,587914.0,2
481,CACNB4,266707.0,2
482,SNRNP200,46933.0,4
483,TRHDE,583491.0,3
484,SORCS3,623952.0,3
485,PTPRT,1117218.0,3
486,PITHD1,9814.0,1
487,SERPINH1,10727.0,1
488,TMPO,34867.0,3
489,MDN1,177296.0,3
490,RAP1B,61046.0,1
491,TSPAN7,127550.0,1
492,SYT11,25632.0,1
493,GPRIN1,14354.0,1
494,RAB3B,82744.0,1
495,ARHGAP26,458634.0,4
496,AKT1,26402.0,3
497,FRMPD4,902100.0,2
498,PPP2R5B,16922.0,1
499,RPL3,7507.0,1
500,RPL7,5547.0,2
501,SLC8A2,43876.0,3
502,HSPA5,6490.0,1
503,RPS5,8406.0,1
504,AMIGO1,5560.0,2
505,FAT3,544374.0,3
506,CNTNAP2,2051389.8090452258,2
507,RET,53282.0,5
508,FAM50B,1947.0,1
509,KCNS2,5826.0,2
510,NCAM2,544920.0,3
511,DVL1,14142.0,5
512,JUP,32327.0,1
513,UBASH3B,158751.0,3
514,MAP2K4,123001.0,1
515,KRT222,10516.0,1
516,RASD2,13168.0,1
517,COPS7A,7861.0,2
518,ARF4,26857.0,1
519,TUBG2,7722.0,2
520,MED29,9334.0,1
521,PTPRN,20025.0,3
522,WBP2,10808.0,1
523,DOCK4,480301.0,3
524,NPM2,12772.0,1
525,NPAS3,869243.0,2
526,CNTN4,959146.0,3
527,RPS20,7286.0,1
528,DRP2,44728.0,5
529,STIP1,19271.0,6
530,AGAP1,637757.0,4
531,CCT2,16144.0,1
532,SYNE1,516117.0,3
533,BCAS2,14072.0,1
534,TSC1,55526.0,1
535,CLSTN3,29247.0,1
536,RPS3A,5018.0,1
537,INSM2,2890.0,1
538,SIRT1,33734.0,1
539,NDRG2,54109.0,1
540,GLS,84725.0,3
541,UCHL1,12042.0,1
542,MACF1,405861.0,8
543,CRY2,36130.0,2
544,CACNA1B,246842.0,3
545,HDAC2,78280.0,1
546,PTPRK,553956.1523178808,4
547,NUDCD3,111539.0,2
548,NCALD,438365.0,4
549,ATP6V1E1,36613.0,1
550,PCDHA1,226211.0,3
551,PRPF19,16038.0,3
552,NDUFB8,6260.0,1
553,ATP6AP1,7871.0,1
554,STOM,31316.0,1
555,NETO1,125832.0,2
556,MAPRE3,56584.0,2
557,RBX1,21962.0,1
558,GDI1,6554.0,1
559,VIM,9352.0,2
560,CDH12,1102949.0,2
561,PPID,14269.0,2
562,ABCC8,84381.0,2
563,GNAS,71474.0,2
564,NBEA,730735.0,6
565,RAB11B,14453.0,1
566,TUBB2A,3878.0,2
567,PRKACB,160436.0,1
568,SBF1,30035.0,6
569,RALYL,739057.0,1
570,PTPRD,2300884.5,4
571,HK1,131900.0,2
572,DDX39B,14646.764925373134,2
573,CALM3,9708.0,2
574,SERINC1,28456.0,1
575,BCAP31,24254.0,2
576,DNAJC6,167652.0,2
577,ROBO2,1743269.0,3
578,SNRPD2,5115.0,1
579,MUC13,48377.0,1
580,HCN2,27278.0,3
581,CDC25C,53090.0,2
582,MAGI1,685309.0,5
583,SUMO1,32428.0,1
584,PAX6,33182.0,2
585,DPYSL4,18811.0,1
586,CDKN1B,7311.0,1
587,HYOU1,13039.0,1
588,AFG3L2,48370.0,4
589,FOXG1,9947.0,1
590,GPR22,5666.5,1
591,GNG3,1525.0,1
592,RAB1B,8902.0,1
593,ANP32E,17739.0,2
594,KCNK1,58508.0,1
595,DIRAS1,6805.0,1
596,GDI2,76909.0,1
597,DOCK3,709271.0,3
598,NAV3,888369.0,2
599,PCDH15,1825171.0,2
600,TTK,38640.0,1
601,RAF1,80625.0,3
602,XRN2,86494.0,2
603,PCBP1,1749.0,1
604,KCNH1,457342.0,3
605,HNRNPAB,6630.0,2
606,SGCZ,1153586.0,1
607,PIK3R2,17369.0,3
608,NOTCH2,189226.0,9
609,AP3B2,50876.0,2
610,CDK1,16521.0,1
611,KBTBD7,4733.0,3
612,TOP2A,29371.0,6
613,DTNB,296449.0,3
614,FABP7,4358.0,1
615,PAFAH1B1,92405.0,2
616,KANK2,33524.0,4
617,GRIN1,29602.0,4
618,CCDC106,12099.0,1
619,ITGB1,105474.0,6
620,SLC25A5,2974.0,1
621,AGO1,60724.0,6
622,CNTN5,1337936.0,3
623,RPL13,6171.0,1
624,LMNA,57516.0,2
625,EXTL1,16580.0,2
626,SLC25A6,5961.0,1
627,FBXO41,29749.0,1
628,EPB41L2,223975.0,6
629,LSAMP,1337026.0,2
630,EPHA2,31732.0,5
631,ARNT2,193583.0,3
632,RNF11,37174.0,1
633,SYT4,9643.0,1
634,ADAM11,22858.0,5
635,ABCF1,25801.998514115898,2
636,PCDH10,59312.0,3
637,RPL29,2420.0,1
638,SUPT16H,32543.0,4
639,FBXO44,8952.0,2
640,TUBA1B,3615.0,2
641,ZC3HAV1,66205.0,4
642,KIAA0319,102087.0,1
643,PIK3C2A,130253.0,6
644,ARFGEF2,114982.0,4
645,PTPRR,282665.0,1
646,PAK1,152928.0,2
647,BASP1,211245.0,1
648,GNAI3,69709.0,1
649,ATP6V0A1,63767.0,1
650,DGKQ,28008.0,4
651,CSNK2A1,71337.0,2
652,ASIC2,1161877.0,1
653,ESR1,472928.0,4
654,SPIN1,90264.0,1
655,RPL11,5093.0,2
656,PRKDC,187075.0,4
657,PRKCI,83553.0,4
658,GALNT9,133217.0,2
659,KIAA0513,66479.0,1
660,MYRIP,451407.0,2
661,YBX1,21387.0,1
662,EIF4B,36051.0,1
663,PCNA,11673.0,2
664,EIF4A2,6692.0,2
665,JPH3,96321.0,1
666,PPP1R16B,117327.0,1
667,FBXL15,3947.0,2
668,BRMS1L,105987.0,1
669,FER,449000.0,3
670,MTOR,155972.0,5
671,SACS,104914.0,2
672,RASGEF1A,72384.0,2
673,SHANK3,58780.8064516129,4
674,RAP1GAP2,282036.0,1
675,TP53,25771.0,4
676,BARD1,84037.0,3
677,KAT2B,113958.0,3
678,TRIM2,186975.0,4
679,AP2M1,9402.0,2
680,SH3GL2,218058.0,2
681,RPLP0,4536.0,3
682,CALR,5911.0,1
683,DMD,2241764.0,6
684,LANCL1,46403.0,1
685,IMPDH2,5083.0,2
686,NCS1,64899.0,2
687,DTNBP1,140257.0,1
688,GABRB2,260615.0,2
689,TUFM,3937.0,3
690,PPP1R9A,389213.0,3
691,TRIP13,26473.0,1
692,GOSR2,52449.0,1
693,ARHGAP21,140278.0,3
694,TAB1,37282.0,1
695,AHNAK,122693.0,1
696,RPLP2,2915.0,1
697,SYN3,545820.0,3
698,KCNH7,467323.0,3
699,VCAM1,19303.0,4
700,ARHGEF9,174307.0,3
701,SLC25A23,29124.0,3
702,PTBP3,115951.0,3
703,KCND3,218493.0,4
704,ATP8A2,653877.0,4
705,CACNG2,139637.0,1
706,MOAP1,2728.0,1
707,VBP1,42810.0,1
708,CFL1,39004.0,1
709,PRKCD,36708.0,3
710,CEND1,2998.0,1
711,CD99L2,132480.0,1
712,HSD17B4,184726.0,4
713,ANKS1B,1258197.0,4
714,PTK2B,147909.0,4
715,WDR82,33586.0,1
716,KCTD2,33314.0,1
717,ARHGEF7,191178.0,9
718,VAMP1,8750.0,1
719,RBMX,32760.0,2
720,TPM4,35981.0,2
721,RPS17,3758.40625,1
722,NRSN2,12878.0,1
723,FLNB,163851.0,2
724,ARHGAP44,202145.0,2
725,CACNA1S,72939.0,3
726,FKBP4,10453.0,3
727,DNM1L,66450.0,3
728,MTPN,50599.0,1
729,ZNF554,15899.0,2
730,HNRNPA2B1,28472.0,1
731,TRIM37,124283.0,3
732,GART,34655.394736842114,6
733,CHN2,367759.0,3
734,KALRN,646302.0,8
735,UBA1,24267.0,5
736,MYO18A,109288.0,3
737,WWOX,1113237.0,2
738,CPNE7,21488.0,2
739,TNK2,45644.0,4
740,XRCC6,42929.0,4
741,HDAC5,46956.0,2
742,FXR2,23641.0,6
743,PCDHGC3,37030.0,4
744,CAPRIN1,50879.0,2
745,PABPC1,36993.0,2
746,CELF2,538278.0,1
747,PIGN,281863.0,3
748,PPP3CB,59596.0,1
749,HDLBP,89797.0,1
750,ELK1,15083.0,1
751,PFDN4,19965.0,1
752,DPYSL2,144147.0,1
753,KIF1A,107275.0,6
754,UBQLN2,4229.0,3
755,TXN,12697.0,1
756,EPB41L1,141295.0,6
757,TERF2IP,114099.0,3
758,RPA2,23222.0,1
759,SOD1,9309.0,1
760,SCRN1,70185.0,1
761,DLG4,32672.0,5
762,PPP1CA,23000.0,2
763,SERPINB7,52441.0,1
764,TTC7B,291915.0,3
765,TUBB4B,2420.0,2
766,JAKMIP2,197337.0,1
767,MAP2K1,105495.0,1
768,RALA,84555.0,1
769,ARF6,3972.0,1
770,HAS1,10882.0,2
771,RPS11,3343.0,2
772,CLASP2,222111.0,1
773,TPR,64041.0,1
774,MMP16,296014.0,4
775,LIMK1,39592.0,3
776,ALK,728812.0,3
777,MCM6,36817.0,5
778,CDH22,134765.0,2
779,PTPN11,91562.0,2
780,TMCC2,57686.0,1
781,TAGLN3,15148.0,2
782,CUL1,103196.0,2
783,DDX21,28898.0,3
784,RAB26,13362.0,1
785,ABLIM1,336948.0,3
786,NRN1,9606.0,1
787,TMOD3,117667.0,1
788,ERBB3,26706.0,4
789,KCNJ3,160499.0,2
790,GPRASP2,5557.0,1
791,SIRPA,46425.0,2
792,TMEM132A,12696.0,3
793,KIFC2,8159.0,1
794,PRMT1,13243.0,2
795,LRRC59,22464.0,1
796,TP53BP2,66061.0,2
797,ATP2B4,117520.0,6
798,CACNA1I,118984.0,1
799,CLN3,21464.0,1
800,DYNC1I1,337816.0,2
801,ARPC2,37215.0,1
802,SHANK1,57623.0,4
803,TUBB3,17369.0,2
804,TSC2,41524.0,3
805,CACNG7,34606.0,1
806,EIF4A3,12782.0,2
807,KCNIP4,1177950.5753424657,2
808,CACNA1G,66759.0,1
809,LRP2,235425.0,5
810,EIF4G1,20863.0,3
811,MARK2,72091.0,3
812,RPS13,3327.0,2
813,TPRG1L,5112.0,1
814,TERF2,53004.0,3
815,HSD17B10,3115.0,1
816,DDX41,5384.0,2
817,KCNN1,48787.0,3
818,B3GNT4,5271.0,1
819,DDX6,43401.0,2
820,ATP6V1H,128015.0,2
821,KLHL2,115595.0,3
822,LASP1,51911.0,3
823,MCM3,20872.0,4
824,RUNDC3A,10257.0,1
825,CDK5R1,4260.0,1
826,IDS,44108.0,1
827,TECR,48895.0,1
828,SCN8A,222598.0,4
829,KIR3DL1,15877.200698080282,1
830,HIVEP2,205229.0,1
831,APBB1,24290.0,2
832,RPL13A,4754.0,1
833,ZC3H15,23108.0,2
834,DYNLRB1,24549.0,1
835,SBF2,515540.0,6
836,RAC1,29440.0,1
837,TRPM3,917841.0,3
838,GPR162,8348.0,1
839,AXIN1,65283.0,4
840,RPS27,1393.0,1
841,PHGDH,95815.0,2
842,JPH4,10755.0,1
843,GPR37L1,10675.0,1
844,DGKG,256566.0,4
845,NACC1,24285.0,2
846,CMAS,19456.0,1
847,GNAZ,54513.0,1
848,TPPP,33490.0,1
849,SBNO1,75738.0,2
850,ITCH,177507.0,3
851,EPN2,121100.0,1
852,SNCB,10474.0,1
853,NDUFS1,44692.0,4
854,FOXP1,631176.0,2
855,NKRF,18106.0,2
856,SH3KBP1,353623.0,1
857,NCKIPSD,12520.0,2
858,RAB2A,106708.0,1
859,XPO1,60777.0,6
860,RPA1,70380.0,4
861,PJA2,75261.0,1
862,CCHCR1,15788.459926017264,1
863,ACTA2,56265.0,1
864,MAP4,238582.0,1
865,DHX15,67113.0,4
866,DDHD2,50340.0,3
867,UTRN,567333.0,6
868,SLC12A5,38462.0,2
869,ANXA6,57079.0,1
870,JAKMIP1,174388.0,1
871,ST8SIA3,19174.0,1
872,GABARAPL2,11506.0,1
873,SMARCE1,23692.0,1
874,MAPK8IP1,20814.0,2
875,RPS9,39962.76158940397,2
876,RLBP1,11745.0,2
877,MAPRE1,30451.0,2
878,SMARCA2,213334.0,7
879,CTNNA1,324067.0,1
880,HNRNPH1,17930.100278551534,2
881,HSPH1,27414.0,1
882,RAB6B,71647.0,1
883,PRKAR1B,178453.0,2
884,SLC25A4,7116.0,1
885,PSMA7,6707.0,2
886,RAB40AL,1028.0,2
887,KIF21A,150162.0,2
888,PI4KA,151726.0,2
889,RASGRP1,77472.0,4
890,ARPC5L,15603.0,1
891,RPL19,4449.0,1
892,CAMKV,11947.0,1
893,NONO,17976.0,2
894,NR3C1,157581.0,3
895,SRGAP3,382462.0,3
896,NMNAT2,170143.0,1
897,CDKN1A,10879.0,1
898,DDB1,43145.0,2
899,ACTA1,2853.0,1
900,TPD52,196487.0,1
901,ITPR1,354495.0,5
902,TGOLN2,10276.0,1
903,FAM98B,33583.0,1
904,PGM2L1,68117.0,4
905,FGF13,608050.0,1
906,RPL4,26517.0,2
907,RPS16,2812.0,1
908,VPS53,213049.0,1
909,HMGB2,3430.0,2
910,CADPS2,568348.0,2
911,CAPZA1,51811.0,1
912,IPO13,21072.0,5
913,YWHAB,22830.0,1
914,DTNA,398554.0,3
915,REEP5,45904.0,1
916,MBP,154856.0,1
917,GABRA6,155530.0,2
918,BRCA2,85180.0,5
919,GLRA2,202514.0,2
920,NEGR1,886596.0,2
921,DCTN2,17229.0,1
922,PAX3,99108.0,3
923,SPRN,3906.0,1
924,TJP1,216820.3035019455,4
925,HECW2,404585.0,5
926,LMNB2,29321.0,2
927,MYL12B,16952.0,2
928,OPA1,104667.0,1
929,CDH9,240553.0,2
930,ATAT1,19981.0,1
931,AHCYL1,38977.0,2
932,HNRNPL,15959.0,3
933,CCT4,20586.0,1
934,WDR5,24603.0,1
935,ITPR3,76209.0,5
936,CELF4,322787.0,1
937,ZSCAN5B,8350.0,3
938,FUNDC1,19220.0,1
939,GPHN,674396.0,3
940,GNB1,105832.0,1
941,MBOAT7,16569.6220472441,1
942,FRRS1L,37002.0,1
943,FN3K,15581.0,1
944,DNAJA3,30970.0,3
945,UNC80,227307.0,1
946,CADM2,1115448.0,3
947,NLK,154644.0,1
948,RACGAP1,56213.0,2
949,POP7,1365.0,1
950,TNIK,401994.0,2
951,CASD1,47800.0,1
952,TRIM46,11184.0,2
953,RAP1A,174473.0,1
954,GRIK2,888826.0,3
955,CACNA2D3,952010.0,4
956,PPP2CB,39857.0,1
957,ZMAT3,112094.0,2
958,EGR4,2776.0,1
959,DCTN1,30933.0,2
960,CDK14,744166.0,1
961,FAM126B,97953.0,1
962,STMN2,55361.0,1
963,TTBK1,44777.0,1
964,PCBP2,29060.0,1
965,SUCLA2,292232.0,2
966,WRNIP1,21538.0,4
967,AKAP5,9004.0,1
968,MAPK9,58956.0,1
969,MYH10,156556.0,4
970,DGKZ,47649.0,4
971,EGFR,192611.0,4
972,ERH,18171.0,1
973,PDZD4,28399.0,1
974,WASL,67060.0,3
975,STMN3,17977.0,1
976,HERC2,233848.8376383764,7
977,PXN,55332.0,2
978,SDHA,38841.0,2
979,EPHA5,350932.0,5
980,UBB,1947.0,1
981,PSMD10,7342.0,4
982,RUNX1T1,148319.0,3
983,RPL34,9846.0,1
984,APC2,26942.0,8
985,KBTBD6,5177.0,3
986,GLRB,95965.0,2
987,GPR158,427427.0,1
988,ARHGAP32,314264.0,3
989,CNNM1,64974.0,2
990,RANGAP1,40640.0,2
991,FYN,213120.0,3
992,PCDHA8,171160.0,3
993,KCNQ2,65156.76076555024,5
994,NUDT21,23066.0,1
995,RPL14,11295.0,1
996,ABR,178482.15275813296,5
997,PCDHGC5,23858.0,4
998,MAPK6,115269.0,1
999,KCTD8,274906.0,1
1000,POU3F2,4878.0,2
1001,CEP170B,31502.0,2
1002,DIP2B,243672.0,2
1003,OCIAD1,56605.0,1
1004,RABL6,33244.0,1
1005,LDHB,122515.0,2
1006,CPNE6,7263.0,2
1007,SFN,1307.0,1
1008,GABRA3,285081.0,2
1009,ACTL6B,13364.0,1
1010,PDE4DIP,240105.0,3
1011,MYO16,614187.0,3
1012,ARPC1B,20567.0,1
1013,TCF4,442456.0,1
1014,ATP6V0C,6266.0,1
1015,HNRNPC,60358.0,1
1016,DPP10,1403453.0,2
1017,NLGN3,26370.0,1
1018,GFAP,13778.0,2
1019,OXCT1,140360.0,1
1020,SYT5,9093.0,1
1021,CIT,191529.0,4
1022,SEH1L,40403.0,1
1023,VAPB,61979.0,1
1024,UBE2V2,56293.0,1
1025,GPR3,3192.0,1
1026,ATP1B2,11143.0,1
1027,ABCE1,31236.0,3
1028,EPHB1,662666.0,6
1029,PCDHAC2,45877.0,4
1030,PRNP,15354.0,2
1031,KCNAB1,501437.0,1
1032,EIF3H,124795.0,1
1033,PPM1H,291156.0,1
1034,MFSD8,48302.0,1
1035,NDUFS3,19226.0,1
1036,STRAP,21091.0,1
1037,CBX7,32513.0,2
1038,SORBS2,371208.0,3
1039,HSPB1,1622.0,1
1040,APOB,42644.0,4
1041,NAPB,47000.0,1
1042,RAB39A,35034.0,1
1043,FARSA,11558.0,4
1044,DNAJA1,14634.0,3
1045,HOXC10,5214.0,1
1046,UBQLN1,47990.0,2
1047,APLP2,76664.0,5
1048,ABL1,173729.0,4
1049,HPRT1,60348.0,1
1050,SSBP1,30991.8417721519,1
1051,FRMD4A,818436.0,4
1052,GRIA2,161893.0,4
1053,PLK1,12711.0,2
1054,DDX3X,31188.0,2
1055,PHLPP1,264892.0,5
1056,FCHO1,40850.0,3
1057,LIMA1,107758.0,1
1058,RAB7A,88674.0,2
1059,RPS15A,9088.0,1
1060,ITSN1,257461.0,7
1061,TBC1D5,1287655.0,1
1062,ASPM,62567.0,3
1063,BRD2,18220.127625201934,2
1064,CREBBP,155672.0,7
1065,RAB11FIP2,42025.0,2
1066,MEGF8,53160.0,6
1067,FASN,19956.0,10
1068,CDC42EP5,8212.458333333334,2
1069,LGALS3,21313.0,1
1070,EPB41,232955.0,6
1071,SPTAN1,81104.0,4
1072,DUSP8,17990.666666666668,2
1073,CDH8,389793.0,2
1074,RPL8,2822.0,2
1075,MYT1L,542551.0,3
1076,L1CAM,24660.0,4
1077,EEF1B2,3343.0,2
1078,BSG,12216.0,1
1079,UNC5B,90294.0,5
1080,SEC23A,77727.0,5
1081,RBFOX1,2473536.0,2
1082,ASTN1,307671.0,2
1083,PHACTR3,270202.0,1
1084,LRPPRC,109765.0,3
1085,CLSTN1,95500.0,2
1086,FLNC,28897.0,2
1087,REEP2,7912.0,1
1088,CCT3,58905.0,1
1089,PGBD5,111842.0,1
1090,FAM217B,14916.0,1
1091,CACNA1E,490394.0,3
1092,KIF3B,57360.0,1
1093,ACTR3B,95629.0,1
1094,THRA,35577.0,2
1095,FMN2,460839.0,2
1096,NDRG1,64851.0,1
1097,BRINP3,380746.0,1
1098,CAMK2D,310895.0,2
1099,TBK1,50022.0,3
1100,CLTB,24114.0,1
1101,MAP3K10,24149.0,2
1102,LMO4,20043.0,1
1103,UBL4A,2898.0,2
1104,C2CD2L,16346.0,1
1105,DSCAM,836159.0,3
1106,SPG7,67049.0,4
1107,ARHGDIA,3657.0,1
1108,PSMD1,115963.0,4
1109,CYFIP2,129516.0,2
1110,ATP6V1B2,29438.0,2
1111,DNAJC12,41519.0,1
1112,KHDRBS2,606264.0,3
1113,VDAC3,14313.0,1
1114,PMS2,38181.0,3
1115,GRID1,767243.0,3
1116,KIF3A,45010.0,1
1117,DOC2A,17756.0,1
1118,RIT2,372464.0,1
1119,RYR3,555176.0,8
1120,PRMT5,8883.0,3
1121,GRIA3,306762.0,3
1122,ALS2,80689.0,5
1123,NDUFAF4,8576.0,1
1124,CPNE9,26082.0,2
1125,TLX2,3685.0,1
1126,MCC,466724.0,2
1127,KIF5A,36589.0,1
1128,FBXW7,215548.0,2
1129,POU3F3,3063.0,2
1130,ATXN1,462379.0,2
1131,NOMO1,62421.06493506492,1
1132,TLN1,35247.0,6
1133,FLNA,26114.0,2
1134,SRP9,12655.0,1
1135,ADCY8,260608.0,3
1136,CDS2,71008.0,1
1137,NCAN,40275.0,5
1138,APPL1,50379.0,3
1139,B3GALNT1,21528.0,1
1140,RELN,517874.0,2
1141,NALCN,362732.0,1
1142,DSP,45097.0,3
1143,DAB2IP,218473.0,3
1144,CCT7,19601.0,1
1145,TSPYL1,12143.0,1
1146,CCT6A,12304.0,1
1147,APEX1,2581.0,1
1148,GAD1,47938.0,1
1149,WDR1,42610.0,1
1150,MAPK11,7054.0,1
1151,NDUFA8,15721.0,1
1152,SMARCC2,27208.0,5
1153,SMARCC1,196837.0,5
1154,CUL4B,51185.0,2
1155,RPS25,2979.0,1
1156,ITPKA,10158.0,1
1157,RAP2A,34959.0,1
1158,MTMR7,116734.0,1
1159,RBFOX2,245615.0109090909,2
1160,COPA,54679.0,4
1161,HSPA4,54436.0,1
1162,DYNC1H1,91870.0,11
1163,FAM131B,9370.0,1
1164,ERBB2,42512.0,4
1165,DDX5,8583.0,3
1166,DLG1,256770.0,6
1167,CCT8,17992.0,1
1168,KMT2A,90368.0,6
1169,PCDHA5,190743.0,3
1170,CCDC92,42220.77777777778,1
1171,VSNL1,117892.0,3
1172,NTRK3,397017.0,6
1173,BEX1,1520.0,1
1174,AJAP1,137802.0,1
1175,PTN,116524.0,2
1176,TCEA2,22511.0,3
1177,SMARCA5,43784.0,5
1178,MYH13,72265.0,3
1179,EEF1A2,11171.0,3
1180,UBE3A,105323.0,2
1181,STAT1,56602.0,5
1182,NMT1,57406.0,2
1183,TUSC2,8224.0,1
1184,SGSM1,121409.0,3
1185,LRP1,84858.0,6
1186,MAPK3,9401.0,1
1187,ABCG4,13601.0,2
1188,CDK5,4082.0,1
1189,ARF3,21764.0,1
1190,RPS6,4539.0,1
1191,DCX,118650.0,1
1192,DEPDC5,154166.0,2
1193,RELL2,4114.0,1
1194,RPL30,21618.0,1
1195,RTN1,274800.0,1
1196,LAMP1,26433.0,1
1197,NCDN,9801.0,1
1198,BRCA1,125950.0,5
1199,CA11,8241.0,1
1200,NF2,95042.0,4
1201,CDK2,6008.0,1
1202,STAT3,75244.0,4
1203,NECAP1,20942.0,1
1204,VPS13A,244092.0,6
1205,LRRTM2,6447.0,1
1206,MUC16,132498.0,1
1207,CSNK2B,7681.899791231734,1
1208,EIF4A1,6300.0,2
1209,CDH18,1104577.0,2
1210,BEX2,1700.0,1
1211,SIPA1L1,420780.0,2
1212,GAPDH,3862.0,2
1213,TSG101,58615.0,2
1214,TCEAL5,3059.0,1
1215,HNRNPK,12533.0,2
1216,STUB1,2646.0,3
1217,MATR3,45985.0,1
1218,CTNND1,66303.0,1
1219,LZTS3,10975.0,1
1220,GPR61,8534.0,1
1221,RPL5,9911.0,2
1222,IQSEC1,386238.0,2
1223,HNRNPD,22005.0,2
1224,MVP,27645.0,5
1225,SLC25A1,3158.0,1
1226,LRRK2,172541.0,4
1227,EIF3I,9676.0,1
1228,TAOK3,223106.0,1
1229,KCND2,477162.0,4
1230,CDIP1,21519.379310344822,1
1231,GNAO1,165955.0,1
1232,CRTC1,98655.0,3
1233,DYNLL1,28643.0,1
1234,UBA52,5820.0,2
1235,KLHL22,54325.0,5
1236,PFKL,27325.0,1
1237,CHD3,27954.0,8
1238,ARHGEF4,210347.0,3
1239,TPM1,29283.0,2
1240,HMOX2,35657.0,1
1241,AMER3,12699.0,1
1242,TUBG1,5555.0,2
1243,TUBA4A,28460.0,2
1244,PREPL,45581.0,2
1245,RNPS1,15281.0,1
1246,MKKS,33213.0,1
1247,KCNC1,122030.0,2
1248,RAB13,4741.0,1
1249,SULT4A1,38004.0,1
1250,RPL27,4686.0,2
1251,CDK5R2,2507.0,1
1252,IGSF21,270685.0,1
1253,PSAT1,32968.0,1
1254,CNKSR2,281894.0,5
1255,HCN1,441550.0,3
1256,CASKIN1,19345.0,7
1257,BRINP2,111464.0,1
1258,ATP6AP2,27476.0,1
1259,UNC13A,87037.0,4
1260,CLIP3,18683.0,2
1261,RRAS,4851.0,1
1262,BCR,138333.0,4
1263,ERBB4,1163124.0,4
1264,GNAQ,315371.0,1
1265,SPTBN4,110223.0,3
1266,RPS10,8615.0,1
1267,RPS6KA3,117608.0,2
1268,WASF3,131245.0,1
1269,RPS8,3528.0,1
1270,PPIB,7393.0,1
1271,DNM1,63593.0,4
1272,RBFOX3,426803.0,2
1273,RMND5A,57750.0,2
1274,MAGI2,1436612.0,5
1275,RGS7,581715.0,4
1276,LIN7C,12351.0,2
1277,CPSF7,27390.0,1
1278,HSPA9,21660.0,1
1279,CIRBP,15496.0,1
1280,NAP1L2,2549.0,1
1281,KSR2,515971.0,2
1282,RPL24,5627.0,1
1283,SGCE,132368.0,1
1284,RPS2,2783.0,2
1285,AGK,98177.12738853504,1
1286,KHDRBS1,46982.0,3
1287,RPL18A,4243.0,1
1288,MICU3,95404.0,1
1289,SORL1,181449.0,5
1290,MATK,24159.0,3
1291,PARP1,47402.0,6
1292,B4GALNT1,9830.0,1
1293,MARCKSL1,2394.0,1
1294,CSMD2,651843.0,2
1295,PRKCE,536645.0,4
1296,SLC22A17,6606.0,1
1297,RPS7,5660.0,1
1298,APP,290578.0,6
1299,SLC6A1,47061.0,1
1300,NAP1L5,1914.0,1
