,Threshold,True_Positives,False_Positives
0,7.000545448954664,0.0,0.0
1,6.000545448954664,0.0,0.0001023122570083896
2,5.8701996808659995,0.0022026431718061676,0.0001023122570083896
3,5.825316802447747,0.0022026431718061676,0.0002046245140167792
4,5.813544648864998,0.003303964757709251,0.0002046245140167792
5,5.759464935253,0.003303964757709251,0.0003069367710251688
6,5.736020582357002,0.004405286343612335,0.0003069367710251688
7,5.729588410239001,0.004405286343612335,0.0004092490280335584
8,5.710152694596499,0.007709251101321586,0.0004092490280335584
9,5.668516831739002,0.007709251101321586,0.0009208103130755065
10,5.658575463282,0.00881057268722467,0.0009208103130755065
11,5.626529961336498,0.00881057268722467,0.0011254348270922857
12,5.6230196419780825,0.009911894273127754,0.0011254348270922857
13,5.595213014010248,0.009911894273127754,0.0014323715981174544
14,5.5828107485635,0.013215859030837005,0.0014323715981174544
15,5.578086675170214,0.013215859030837005,0.0016369961121342337
16,5.560929992352499,0.015418502202643172,0.0016369961121342337
17,5.560635821678,0.015418502202643172,0.0017393083691426233
18,5.540669562833,0.022026431718061675,0.0017393083691426233
19,5.517798830446,0.022026431718061675,0.0020462451401677922
20,5.510440014623,0.023127753303964757,0.0020462451401677922
21,5.487655298675666,0.023127753303964757,0.0024554941682013503
22,5.486095996755498,0.024229074889867842,0.0024554941682013503
23,5.485898757128665,0.024229074889867842,0.00255780642520974
24,5.462819879797583,0.02973568281938326,0.00255780642520974
25,5.452028551417249,0.02973568281938326,0.0026601186822181296
26,5.44896601434225,0.030837004405286344,0.0026601186822181296
27,5.430199988678001,0.030837004405286344,0.003069367710251688
28,5.429786723612999,0.031938325991189426,0.003069367710251688
29,5.425045541195499,0.031938325991189426,0.003376304481276857
30,5.4084633277205825,0.03854625550660793,0.003376304481276857
31,5.401488176369998,0.03854625550660793,0.0037855535093104156
32,5.391734411329,0.04405286343612335,0.0037855535093104156
33,5.390911750866499,0.04405286343612335,0.003990178023327195
34,5.383689737226083,0.0473568281938326,0.003990178023327195
35,5.3832775401474535,0.0473568281938326,0.0040924902803355845
36,5.373851960738749,0.048458149779735685,0.0040924902803355845
37,5.372824328125249,0.048458149779735685,0.004297114794352364
38,5.371775472875498,0.05066079295154185,0.004297114794352364
39,5.371137726264999,0.05066079295154185,0.004399427051360753
40,5.368302402755072,0.051762114537444934,0.004399427051360753
41,5.366101324028166,0.051762114537444934,0.004501739308369143
42,5.362871666675165,0.05506607929515418,0.004501739308369143
43,5.360143818918,0.05506607929515418,0.004604051565377533
44,5.359346660390499,0.05616740088105727,0.004604051565377533
45,5.350735776972499,0.05616740088105727,0.004910988336402701
46,5.350640615482166,0.05726872246696035,0.004910988336402701
47,5.349355725804498,0.05726872246696035,0.00501330059341109
48,5.3477623031485,0.05837004405286344,0.00501330059341109
49,5.34439467874025,0.05837004405286344,0.005320237364436259
50,5.338106918629583,0.06167400881057269,0.005320237364436259
51,5.3299690475885,0.06167400881057269,0.005934110906486597
52,5.328415509747665,0.06387665198237885,0.005934110906486597
53,5.320593170543167,0.06387665198237885,0.0063433599345201555
54,5.317204537159499,0.06497797356828194,0.0063433599345201555
55,5.310099215213,0.06497797356828194,0.006547984448536935
56,5.3090419592055,0.06607929515418502,0.006547984448536935
57,5.3070246390559985,0.06607929515418502,0.006752608962553714
58,5.3054959004095,0.0671806167400881,0.006752608962553714
59,5.298649940119,0.0671806167400881,0.006957233476570493
60,5.295280904696499,0.06828193832599119,0.006957233476570493
61,5.292701411651,0.06828193832599119,0.007059545733578883
62,5.291000842303832,0.06938325991189427,0.007059545733578883
63,5.274422449144903,0.06938325991189427,0.007571107018620831
64,5.268836124638833,0.07048458149779736,0.007571107018620831
65,5.263266563435501,0.07048458149779736,0.00777573153263761
66,5.262393612614833,0.07158590308370044,0.00777573153263761
67,5.258252840984999,0.07158590308370044,0.00798035604665439
68,5.253630417356499,0.07378854625550661,0.00798035604665439
69,5.252459140791,0.07378854625550661,0.008082668303662778
70,5.252291525378,0.07488986784140969,0.008082668303662778
71,5.252202270536427,0.07488986784140969,0.008184980560671169
72,5.238652461326666,0.07709251101321586,0.008184980560671169
73,5.2344223603715,0.07709251101321586,0.008491917331696337
74,5.232966868483999,0.07929515418502203,0.008491917331696337
75,5.22798024816,0.07929515418502203,0.008798854102721507
76,5.226456713657667,0.08039647577092511,0.008798854102721507
77,5.225582354161499,0.08039647577092511,0.008901166359729895
78,5.2243860274535,0.08149779735682819,0.008901166359729895
79,5.209264504741999,0.08149779735682819,0.009821976672805401
80,5.205683066000248,0.08370044052863436,0.009821976672805401
81,5.201949904413416,0.08370044052863436,0.010128913443830571
82,5.201141276599248,0.08590308370044053,0.010128913443830571
83,5.200354137910999,0.08590308370044053,0.01023122570083896
84,5.198398248667165,0.0881057268722467,0.01023122570083896
85,5.1957168907055005,0.0881057268722467,0.01033353795784735
86,5.194707071446,0.08920704845814978,0.01033353795784735
87,5.194377953616499,0.08920704845814978,0.010435850214855739
88,5.1918260617598335,0.09251101321585903,0.010435850214855739
89,5.190973242324,0.09251101321585903,0.010640474728872518
90,5.190491021608166,0.0947136563876652,0.010640474728872518
91,5.189601221317499,0.0947136563876652,0.010742786985880909
92,5.189229485784249,0.09691629955947137,0.010742786985880909
93,5.177790635409999,0.09691629955947137,0.011765909555964805
94,5.177695797188332,0.09801762114537445,0.011765909555964805
95,5.1771433740051656,0.09801762114537445,0.011970534069981584
96,5.1712595107727495,0.10352422907488987,0.011970534069981584
97,5.162932237709999,0.10352422907488987,0.012584407612031922
98,5.161812794544832,0.10572687224669604,0.012584407612031922
99,5.1522932384395,0.10572687224669604,0.013607530182115817
100,5.150051005521166,0.10792951541850221,0.013607530182115817
101,5.150021059914069,0.10792951541850221,0.013709842439124207
102,5.149000036950416,0.10903083700440529,0.013709842439124207
103,5.148509273887617,0.10903083700440529,0.013812154696132596
104,5.1474907360134985,0.11013215859030837,0.013812154696132596
105,5.145180304784,0.11013215859030837,0.014119091467157766
106,5.145010245387,0.11123348017621146,0.014119091467157766
107,5.1449421511393325,0.11123348017621146,0.014221403724166155
108,5.140551628695928,0.11233480176211454,0.014221403724166155
109,5.1372169395585,0.11233480176211454,0.014323715981174545
110,5.135047763109249,0.11343612334801761,0.014323715981174545
111,5.134686324304499,0.11343612334801761,0.014426028238182934
112,5.133060982452499,0.11563876651982379,0.014426028238182934
113,5.1320314126939985,0.11563876651982379,0.014528340495191324
114,5.1307113249724985,0.11674008810572688,0.014528340495191324
115,5.12221197655826,0.11674008810572688,0.01544915080826683
116,5.12084573723725,0.11784140969162996,0.01544915080826683
117,5.120507541085,0.11784140969162996,0.01555146306527522
118,5.119690090376749,0.11894273127753303,0.01555146306527522
119,5.114989954516499,0.11894273127753303,0.01596071209330878
120,5.112471673946,0.12004405286343613,0.01596071209330878
121,5.1108208034705,0.12004405286343613,0.016165336607325557
122,5.110320002369999,0.1211453744493392,0.016165336607325557
123,5.109003136468999,0.1211453744493392,0.016369961121342338
124,5.1037698841329995,0.12334801762114538,0.016369961121342338
125,5.099802788262499,0.12334801762114538,0.016881522406384283
126,5.099739869507333,0.12444933920704845,0.016881522406384283
127,5.094488154862749,0.12444933920704845,0.017393083691426232
128,5.093552634422333,0.12555066079295155,0.017393083691426232
129,5.090854273078499,0.12555066079295155,0.01790464497646818
130,5.088910942124333,0.12665198237885464,0.01790464497646818
131,5.083288728245999,0.12665198237885464,0.01831389400450174
132,5.0825958870451675,0.1277533039647577,0.01831389400450174
133,5.082290491216999,0.1277533039647577,0.01841620626151013
134,5.0802240914115,0.1288546255506608,0.01841620626151013
135,5.079923607924666,0.1288546255506608,0.018620830775526908
136,5.078803314498499,0.1299559471365639,0.018620830775526908
137,5.0766606713975,0.1299559471365639,0.019234704317577244
138,5.075766340337333,0.13105726872246695,0.019234704317577244
139,5.074954835961499,0.13105726872246695,0.019541641088602416
140,5.074917863804369,0.13215859030837004,0.019541641088602416
141,5.065240623517583,0.13215859030837004,0.020257826887661142
142,5.059365257337499,0.13656387665198239,0.020257826887661142
143,5.059198420051166,0.13656387665198239,0.020360139144669533
144,5.056319280448084,0.13876651982378854,0.020360139144669533
145,5.054648404480785,0.13876651982378854,0.0206670759156947
146,5.052349205098,0.14096916299559473,0.0206670759156947
147,5.048056570908499,0.14096916299559473,0.021280949457745037
148,5.0480352064002485,0.1420704845814978,0.021280949457745037
149,5.047230368091666,0.1420704845814978,0.021485573971761818
150,5.047100907002749,0.14317180616740088,0.021485573971761818
151,5.046278894447333,0.14317180616740088,0.021690198485778595
152,5.045648704980499,0.14427312775330398,0.021690198485778595
153,5.043258938282,0.14427312775330398,0.021997135256803767
154,5.0421636360874995,0.14537444933920704,0.021997135256803767
155,5.040384169565833,0.14537444933920704,0.022406384284837322
156,5.0382057641225,0.1486784140969163,0.022406384284837322
157,5.035432387758761,0.1486784140969163,0.02291794556987927
158,5.0341877283689165,0.14977973568281938,0.02291794556987927
159,5.034022804336249,0.14977973568281938,0.02302025782688766
160,5.031889941962999,0.15308370044052863,0.02302025782688766
161,5.0304286934065,0.15308370044052863,0.02322488234090444
162,5.0294698135371645,0.15418502202643172,0.02322488234090444
163,5.027445108292167,0.15418502202643172,0.02353181911192961
164,5.026377239128667,0.15638766519823788,0.02353181911192961
165,5.022285381212166,0.15638766519823788,0.024145692653979946
166,5.021654596436499,0.15748898678414097,0.024145692653979946
167,5.014266379017499,0.15748898678414097,0.024554941682013505
168,5.0140898301855,0.15859030837004406,0.024554941682013505
169,5.013840823921166,0.15859030837004406,0.024657253939021895
170,5.0134625432423325,0.15969162995594713,0.024657253939021895
171,5.012034356124999,0.15969162995594713,0.024861878453038673
172,5.011520830816998,0.16079295154185022,0.024861878453038673
173,5.011511110681166,0.16079295154185022,0.024964190710047063
174,5.010559073510499,0.1618942731277533,0.024964190710047063
175,5.0095739886932495,0.1618942731277533,0.025168815224063844
176,5.0079896790479985,0.16299559471365638,0.025168815224063844
177,5.005413394901951,0.16299559471365638,0.0255780642520974
178,5.003998271536094,0.16629955947136563,0.0255780642520974
179,5.003294380967501,0.16629955947136563,0.02578268876611418
180,5.0030939950184985,0.16740088105726872,0.02578268876611418
181,5.0029510213510004,0.16740088105726872,0.02588500102312257
182,5.002782597658749,0.1685022026431718,0.02588500102312257
183,5.0000510240665,0.1685022026431718,0.02619193779414774
184,4.9999005295279995,0.1696035242290749,0.02619193779414774
185,4.996126775030166,0.1696035242290749,0.027112748107223247
186,4.992899837216249,0.17180616740088106,0.027112748107223247
187,4.990785159471499,0.17180616740088106,0.027521997135256805
188,4.990501220898999,0.17290748898678415,0.027521997135256805
189,4.989558435028915,0.17290748898678415,0.027931246163290364
190,4.988917494662999,0.1751101321585903,0.027931246163290364
191,4.986623279244999,0.1751101321585903,0.028238182934315532
192,4.986045322660166,0.1762114537444934,0.028238182934315532
193,4.98590077681775,0.1762114537444934,0.028340495191323922
194,4.98547177182,0.17731277533039647,0.028340495191323922
195,4.984376228303666,0.17731277533039647,0.02844280744833231
196,4.983806998125499,0.17841409691629956,0.02844280744833231
197,4.9817676243005,0.17841409691629956,0.02895436873337426
198,4.980625024088999,0.1817180616740088,0.02895436873337426
199,4.977516686978999,0.1817180616740088,0.029670554532432985
200,4.9765803337508325,0.1828193832599119,0.029670554532432985
201,4.976443057136916,0.1828193832599119,0.029772866789441375
202,4.976134916721999,0.183920704845815,0.029772866789441375
203,4.973000095123713,0.183920704845815,0.029875179046449766
204,4.972406732725998,0.18612334801762115,0.029875179046449766
205,4.971332913156166,0.18612334801762115,0.029977491303458153
206,4.970228586107334,0.18722466960352424,0.029977491303458153
207,4.969182944566999,0.18722466960352424,0.030079803560466543
208,4.969096195373333,0.1883259911894273,0.030079803560466543
209,4.963032541358416,0.1883259911894273,0.03079598935952527
210,4.961680050620333,0.19273127753303965,0.03079598935952527
211,4.959656387549165,0.19273127753303965,0.03089830161653366
212,4.958917170409916,0.19383259911894274,0.03089830161653366
213,4.9571916724295,0.19383259911894274,0.03130755064456722
214,4.957037672505499,0.1949339207048458,0.03130755064456722
215,4.955770386251677,0.1949339207048458,0.03161448741559239
216,4.954278195375489,0.20044052863436124,0.03161448741559239
217,4.9534651951685,0.20044052863436124,0.031819111929609165
218,4.953264543182,0.2026431718061674,0.031819111929609165
219,4.953163263362333,0.2026431718061674,0.03192142418661756
220,4.95253381531457,0.20484581497797358,0.03192142418661756
221,4.9524095131745,0.20484581497797358,0.032023736443625946
222,4.951828386357167,0.20594713656387664,0.032023736443625946
223,4.951152359954499,0.20594713656387664,0.03222836095764273
224,4.951081092573166,0.20704845814977973,0.03222836095764273
225,4.949668554525498,0.20704845814977973,0.032535297728667895
226,4.9492738506575,0.20814977973568283,0.032535297728667895
227,4.948243937725,0.20814977973568283,0.032739922242684676
228,4.947773897899999,0.2092511013215859,0.032739922242684676
229,4.9455723626294175,0.2092511013215859,0.03294454675670145
230,4.945102611703249,0.21035242290748898,0.03294454675670145
231,4.941597556888333,0.21035242290748898,0.03355842029875179
232,4.939907704227498,0.21255506607929514,0.03355842029875179
233,4.939565168857,0.21255506607929514,0.03366073255576018
234,4.939368119649832,0.21365638766519823,0.03366073255576018
235,4.938497386945,0.21365638766519823,0.03396766932678535
236,4.93786159715,0.21475770925110133,0.03396766932678535
237,4.9366449755336665,0.21475770925110133,0.03406998158379374
238,4.934325099895165,0.21696035242290748,0.03406998158379374
239,4.933728117693416,0.21696035242290748,0.034274606097810516
240,4.933157987909999,0.21806167400881057,0.034274606097810516
241,4.9328354256898335,0.21806167400881057,0.0344792306118273
242,4.932628028182499,0.21916299559471367,0.0344792306118273
243,4.9318502147645,0.21916299559471367,0.034581542868835684
244,4.929501293671583,0.22356828193832598,0.034581542868835684
245,4.926721782910501,0.22356828193832598,0.034786167382852465
246,4.926020248735083,0.22466960352422907,0.034786167382852465
247,4.9231292068744175,0.22466960352422907,0.03591160220994475
248,4.923111336855833,0.22577092511013216,0.03591160220994475
249,4.920386496902999,0.22577092511013216,0.036525475751995086
250,4.920354780035,0.22687224669603523,0.036525475751995086
251,4.917876307799499,0.22687224669603523,0.03683241252302026
252,4.917147426661833,0.2290748898678414,0.03683241252302026
253,4.916241785345,0.2290748898678414,0.037037037037037035
254,4.91560299537,0.2301762114537445,0.037037037037037035
255,4.915342901571679,0.2301762114537445,0.03713934929404543
256,4.9145404164126765,0.23127753303964757,0.03713934929404543
257,4.912625389656499,0.23127753303964757,0.037548598322078984
258,4.9119922560588325,0.23237885462555066,0.037548598322078984
259,4.908725018605749,0.23237885462555066,0.038264784121137714
260,4.907740163792499,0.23348017621145375,0.038264784121137714
261,4.907175448089166,0.23348017621145375,0.03857172089216288
262,4.9071583320263334,0.23458149779735682,0.03857172089216288
263,4.901750882894,0.23458149779735682,0.040004092490280335
264,4.901689402948,0.2356828193832599,0.040004092490280335
265,4.899915438909249,0.2356828193832599,0.0403110292613055
266,4.899878535161332,0.236784140969163,0.0403110292613055
267,4.897524394240582,0.236784140969163,0.04061796603233067
268,4.896472789538333,0.23788546255506607,0.04061796603233067
269,4.895662722697833,0.23788546255506607,0.04143646408839779
270,4.89552486566575,0.23898678414096916,0.04143646408839779
271,4.894146939733374,0.23898678414096916,0.04164108860241457
272,4.893766667166999,0.24008810572687225,0.04164108860241457
273,4.892367381581666,0.24008810572687225,0.04184571311643135
274,4.892082353136832,0.24118942731277532,0.04184571311643135
275,4.891627552583166,0.24118942731277532,0.042050337630448124
276,4.891079520229999,0.2422907488986784,0.042050337630448124
277,4.889919021530001,0.2422907488986784,0.042459586658481686
278,4.889050343025501,0.2433920704845815,0.042459586658481686
279,4.887673067941666,0.2433920704845815,0.042971147943523635
280,4.8873002964625005,0.2444933920704846,0.042971147943523635
281,4.886632324728001,0.2444933920704846,0.043175772457540416
282,4.886486023232498,0.24559471365638766,0.043175772457540416
283,4.886058128974001,0.24559471365638766,0.0432780847145488
284,4.8859879041420005,0.24669603524229075,0.0432780847145488
285,4.885259748652052,0.24669603524229075,0.04358502148557397
286,4.884187471815999,0.25,0.04358502148557397
287,4.881232902802333,0.25,0.044812768569674644
288,4.8800639932118335,0.2522026431718062,0.044812768569674644
289,4.87862959644,0.2522026431718062,0.045222017597708206
290,4.878003885273416,0.2533039647577093,0.045222017597708206
291,4.877234489985166,0.2533039647577093,0.04563126662574176
292,4.877010099071999,0.2544052863436123,0.04563126662574176
293,4.876593342516666,0.2544052863436123,0.04583589113975854
294,4.8756753922234175,0.2566079295154185,0.04583589113975854
295,4.874171259374499,0.2566079295154185,0.046245140167792104
296,4.873152341685555,0.2621145374449339,0.046245140167792104
297,4.86887398043563,0.2621145374449339,0.047472887251892776
298,4.868738216515498,0.263215859030837,0.047472887251892776
299,4.863035122534832,0.263215859030837,0.048700634335993455
300,4.862702336899,0.2654185022026432,0.048700634335993455
301,4.862063957674389,0.2654185022026432,0.04890525885001023
302,4.862012214311665,0.2665198237885463,0.04890525885001023
303,4.861862841114499,0.2665198237885463,0.04910988336402701
304,4.8618318075555,0.26762114537444937,0.04910988336402701
305,4.861070752530999,0.26762114537444937,0.04931450787804379
306,4.860724132950334,0.2687224669603524,0.04931450787804379
307,4.860471555816999,0.2687224669603524,0.04951913239206057
308,4.859162416260666,0.2698237885462555,0.04951913239206057
309,4.859159487228582,0.2698237885462555,0.04962144464906896
310,4.859155522551499,0.2709251101321586,0.04962144464906896
311,4.85720324472038,0.2709251101321586,0.04992838142009413
312,4.857089359643499,0.2720264317180617,0.04992838142009413
313,4.85704115464475,0.2720264317180617,0.050030693677102514
314,4.856537864894416,0.27312775330396477,0.050030693677102514
315,4.8545826486345,0.27312775330396477,0.050439942705136076
316,4.854384100912999,0.2753303964757709,0.050439942705136076
317,4.8540280720819995,0.2753303964757709,0.05064456721915286
318,4.853623200942999,0.2786343612334802,0.05064456721915286
319,4.853620175394499,0.2786343612334802,0.050746879476161244
320,4.8532177387255,0.27973568281938327,0.050746879476161244
321,4.853138666982,0.27973568281938327,0.05084919173316963
322,4.853120452759666,0.28083700440528636,0.05084919173316963
323,4.8524467522315,0.28083700440528636,0.0511561285041948
324,4.8522981669149985,0.28193832599118945,0.0511561285041948
325,4.8504925490955,0.28193832599118945,0.05156537753222836
326,4.849930665033167,0.2830396475770925,0.05156537753222836
327,4.849329891397999,0.2830396475770925,0.05187231430325353
328,4.848360776888833,0.2841409691629956,0.05187231430325353
329,4.8466918333847495,0.2841409691629956,0.05207693881727031
330,4.84614559913775,0.2852422907488987,0.05207693881727031
331,4.845073143109463,0.2852422907488987,0.0521792510742787
332,4.8445649210543325,0.28634361233480177,0.0521792510742787
333,4.842958921371416,0.28634361233480177,0.05279312461632903
334,4.841896739608,0.2907488986784141,0.05279312461632903
335,4.8406542508923325,0.2907488986784141,0.053202373644362595
336,4.8404197362125,0.2918502202643172,0.053202373644362595
337,4.8403480026349035,0.2918502202643172,0.053406998158379376
338,4.8401944976495,0.29295154185022027,0.053406998158379376
339,4.839576833559,0.29295154185022027,0.053713934929404544
340,4.8391573447396645,0.29515418502202645,0.053713934929404544
341,4.838439342740667,0.29515418502202645,0.0541231839574381
342,4.838009230496249,0.29625550660792954,0.0541231839574381
343,4.8305158352875015,0.29625550660792954,0.055146306527522
344,4.8304070759895,0.2973568281938326,0.055146306527522
345,4.829865587142333,0.2973568281938326,0.05535093104153878
346,4.829302104737999,0.29845814977973567,0.05535093104153878
347,4.828590574811666,0.29845814977973567,0.055657867812563946
348,4.8281593112285,0.29955947136563876,0.055657867812563946
349,4.8271988132810835,0.29955947136563876,0.055964804583589114
350,4.826839794655,0.30176211453744495,0.055964804583589114
351,4.824932227551499,0.30176211453744495,0.05627174135461428
352,4.824606751501417,0.30286343612334804,0.05627174135461428
353,4.8218455859077505,0.30286343612334804,0.05729486392469818
354,4.8216330811375,0.3039647577092511,0.05729486392469818
355,4.821188185156999,0.3039647577092511,0.057499488438714955
356,4.820998627739057,0.30506607929515417,0.057499488438714955
357,4.820830396134166,0.30506607929515417,0.05760180069572335
358,4.820811501520833,0.30616740088105726,0.05760180069572335
359,4.820778704637499,0.30616740088105726,0.057704112952731736
360,4.8205815971755,0.30726872246696035,0.057704112952731736
361,4.820295995631333,0.30726872246696035,0.058011049723756904
362,4.8197794127653335,0.30947136563876654,0.058011049723756904
363,4.818105721085916,0.30947136563876654,0.058420298751790466
364,4.8175091668458325,0.31057268722466963,0.058420298751790466
365,4.8159135465085,0.31057268722466963,0.058931860036832415
366,4.814884242306749,0.31277533039647576,0.058931860036832415
367,4.811207627740082,0.31277533039647576,0.05975035809289953
368,4.811048079024999,0.31387665198237885,0.05975035809289953
369,4.810319480247416,0.31387665198237885,0.059954982606916306
370,4.810256296217583,0.31497797356828194,0.059954982606916306
371,4.809743389850416,0.31497797356828194,0.06026191937794148
372,4.80941697547,0.31718061674008813,0.06026191937794148
373,4.808357804268167,0.31718061674008813,0.060671168405975036
374,4.8082212482325,0.31828193832599116,0.060671168405975036
375,4.80807155583,0.31828193832599116,0.06077348066298342
376,4.806674409578316,0.32048458149779735,0.06077348066298342
377,4.8056685807353325,0.32048458149779735,0.060978105177000204
378,4.805610025159833,0.32158590308370044,0.060978105177000204
379,4.805061760711151,0.32158590308370044,0.06108041743400859
380,4.804651378858999,0.32268722466960353,0.06108041743400859
381,4.7998234369395,0.32268722466960353,0.06210354000409249
382,4.799796240337,0.3237885462555066,0.06210354000409249
383,4.797251250304499,0.3237885462555066,0.06312666257417639
384,4.796805319750416,0.3248898678414097,0.06312666257417639
385,4.796802782875333,0.3248898678414097,0.06322897483118478
386,4.796705672529833,0.32599118942731276,0.06322897483118478
387,4.7957615952397505,0.32599118942731276,0.06363822385921833
388,4.795760417115333,0.32709251101321585,0.06363822385921833
389,4.795505055330428,0.32709251101321585,0.0639451606302435
390,4.7952485162445,0.32929515418502203,0.0639451606302435
391,4.795210182093499,0.32929515418502203,0.06404747288725189
392,4.794908659557249,0.3314977973568282,0.06404747288725189
393,4.7945469983325,0.3314977973568282,0.06435440965827706
394,4.794156944978499,0.33259911894273125,0.06435440965827706
395,4.7926324185180835,0.33259911894273125,0.06476365868631062
396,4.792318046579666,0.33370044052863435,0.06476365868631062
397,4.791692356299,0.33370044052863435,0.0649682832003274
398,4.7914710534379985,0.33480176211453744,0.0649682832003274
399,4.786499529065595,0.33480176211453744,0.06619603028442808
400,4.7858147286905,0.3370044052863436,0.06619603028442808
401,4.785503460960737,0.3370044052863436,0.06640065479844486
402,4.785311556781405,0.3381057268722467,0.06640065479844486
403,4.7844723718480004,0.3381057268722467,0.06650296705545325
404,4.7843084892975005,0.3392070484581498,0.06650296705545325
405,4.784176028941082,0.3392070484581498,0.06660527931246163
406,4.784059012496167,0.34030837004405284,0.06660527931246163
407,4.783388491488917,0.34030837004405284,0.0669122160834868
408,4.782806301728332,0.3447136563876652,0.0669122160834868
409,4.782313412412,0.3447136563876652,0.06711684059750359
410,4.782269663959666,0.3458149779735683,0.06711684059750359
411,4.7817856188061665,0.3458149779735683,0.06732146511152036
412,4.7816936309395945,0.34801762114537443,0.06732146511152036
413,4.7799272252071665,0.34801762114537443,0.06762840188254553
414,4.779548207618249,0.3491189427312775,0.06762840188254553
415,4.7787631187085005,0.3491189427312775,0.0678330263965623
416,4.778237006226917,0.3513215859030837,0.0678330263965623
417,4.774637467207666,0.3513215859030837,0.0689584612236546
418,4.774600238493666,0.3524229074889868,0.0689584612236546
419,4.774393955359333,0.3524229074889868,0.06906077348066299
420,4.7735428585955,0.3535242290748899,0.06906077348066299
421,4.770462488243068,0.3535242290748899,0.07008389605074689
422,4.7694690779316655,0.35462555066079293,0.07008389605074689
423,4.7691112201338335,0.35462555066079293,0.07018620830775527
424,4.768549680339249,0.3579295154185022,0.07018620830775527
425,4.768128876977666,0.3579295154185022,0.07028852056476366
426,4.768039600822999,0.3590308370044053,0.07028852056476366
427,4.7680001698135,0.3590308370044053,0.07059545733578883
428,4.767886064980808,0.3601321585903084,0.07059545733578883
429,4.767121284112416,0.3601321585903084,0.07100470636382239
430,4.7668525185710005,0.3623348017621145,0.07100470636382239
431,4.765974051910916,0.3623348017621145,0.07131164313484756
432,4.765916501986332,0.3634361233480176,0.07131164313484756
433,4.764734816759213,0.3634361233480176,0.07151626764886433
434,4.7639924646045,0.3645374449339207,0.07151626764886433
435,4.7603868182805,0.3645374449339207,0.07253939021894823
436,4.760207718541,0.3656387665198238,0.07253939021894823
437,4.760092118851,0.3656387665198238,0.07264170247595662
438,4.760063992825001,0.3667400881057269,0.07264170247595662
439,4.759640061311833,0.3667400881057269,0.0728463269899734
440,4.759235677275167,0.368942731277533,0.0728463269899734
441,4.758613337137499,0.368942731277533,0.07315326376099857
442,4.75860258184975,0.3700440528634361,0.07315326376099857
443,4.757326154294833,0.3700440528634361,0.07325557601800696
444,4.75723429227,0.3711453744493392,0.07325557601800696
445,4.756247157972999,0.3711453744493392,0.07356251278903213
446,4.755535570208499,0.3722466960352423,0.07356251278903213
447,4.755245121285094,0.3722466960352423,0.0737671373030489
448,4.7542906124119995,0.3755506607929515,0.0737671373030489
449,4.7521888495942495,0.3755506607929515,0.07427869858809086
450,4.752010504518998,0.3766519823788546,0.07427869858809086
451,4.7515242190119285,0.3766519823788546,0.0747902598731328
452,4.751518166307499,0.3777533039647577,0.0747902598731328
453,4.750237883888833,0.3777533039647577,0.07530182115817476
454,4.750193349877749,0.3788546255506608,0.07530182115817476
455,4.745333674478499,0.3788546255506608,0.0768365050133006
456,4.745193084516999,0.3799559471365639,0.0768365050133006
457,4.744565144764248,0.3799559471365639,0.07704112952731737
458,4.7424022615264985,0.3832599118942731,0.07704112952731737
459,4.7422552669031655,0.3832599118942731,0.07724575404133416
460,4.7421082890565005,0.3843612334801762,0.07724575404133416
461,4.7412896791615,0.3843612334801762,0.07755269081235933
462,4.740669947664499,0.3865638766519824,0.07755269081235933
463,4.739669897151499,0.3865638766519824,0.07816656435440966
464,4.73927572218556,0.3876651982378855,0.07816656435440966
465,4.738234286702083,0.3876651982378855,0.07847350112543483
466,4.738110933137941,0.38876651982378857,0.07847350112543483
467,4.7375914683554985,0.38876651982378857,0.0786781256394516
468,4.736976246424499,0.3898678414096916,0.0786781256394516
469,4.7368003399318335,0.3898678414096916,0.07898506241047677
470,4.736239121694333,0.3909691629955947,0.07898506241047677
471,4.734726547693167,0.3909691629955947,0.07959893595252711
472,4.734225506576,0.3920704845814978,0.07959893595252711
473,4.7338537609815,0.3920704845814978,0.0797012482095355
474,4.73363617639238,0.3931718061674009,0.0797012482095355
475,4.7331448568416645,0.3931718061674009,0.08011049723756906
476,4.732932925086167,0.394273127753304,0.08011049723756906
477,4.732891086449167,0.394273127753304,0.08021280949457744
478,4.7325451975593325,0.39537444933920707,0.08021280949457744
479,4.732017671672833,0.39537444933920707,0.08051974626560261
480,4.7319421671215,0.3964757709251101,0.08051974626560261
481,4.730738975929,0.3964757709251101,0.0808266830366278
482,4.7298956098264995,0.3975770925110132,0.0808266830366278
483,4.7291542244775,0.3975770925110132,0.08154286883568651
484,4.728903192931666,0.3986784140969163,0.08154286883568651
485,4.7263013767209845,0.3986784140969163,0.0827706159197872
486,4.724828068601831,0.40308370044052866,0.0827706159197872
487,4.723867083968499,0.40308370044052866,0.08307755269081236
488,4.7236214973507495,0.4052863436123348,0.08307755269081236
489,4.720862899937666,0.4052863436123348,0.08389605074687947
490,4.7207667315835,0.4063876651982379,0.08389605074687947
491,4.720585081453072,0.4063876651982379,0.08410067526089625
492,4.7200403502395,0.40859030837004406,0.08410067526089625
493,4.719780043459999,0.40859030837004406,0.08420298751790464
494,4.719367546448166,0.4118942731277533,0.08420298751790464
495,4.7185155674065,0.4118942731277533,0.08440761203192143
496,4.718076164858664,0.4129955947136564,0.08440761203192143
497,4.717698929043333,0.4129955947136564,0.08491917331696337
498,4.717274517129,0.41519823788546256,0.08491917331696337
499,4.716749678129165,0.41519823788546256,0.08502148557397177
500,4.71663697179525,0.41629955947136565,0.08502148557397177
501,4.7158857394824985,0.41629955947136565,0.08543073460200531
502,4.715776642489499,0.41740088105726875,0.08543073460200531
503,4.7144282665145,0.41740088105726875,0.08624923265807244
504,4.714086586772999,0.4196035242290749,0.08624923265807244
505,4.713865627381167,0.4196035242290749,0.08635154491508083
506,4.713337104121833,0.42070484581497797,0.08635154491508083
507,4.712765053672499,0.42070484581497797,0.08686310620012277
508,4.712488820806666,0.42180616740088106,0.08686310620012277
509,4.710797230426,0.42180616740088106,0.08768160425618989
510,4.710778271887167,0.42290748898678415,0.08768160425618989
511,4.710466016905583,0.42290748898678415,0.08778391651319828
512,4.710256864601999,0.42400881057268724,0.08778391651319828
513,4.710233693702,0.42400881057268724,0.08788622877020667
514,4.7102273709431675,0.4251101321585903,0.08788622877020667
515,4.707686034634833,0.4251101321585903,0.08921628811131574
516,4.7075400567775,0.4262114537444934,0.08921628811131574
517,4.707067247027678,0.4262114537444934,0.08931860036832412
518,4.706893336507068,0.42841409691629956,0.08931860036832412
519,4.7061691076775,0.42841409691629956,0.09003478616738285
520,4.705681607692483,0.43171806167400884,0.09003478616738285
521,4.703321844504,0.43171806167400884,0.09146715776550031
522,4.702990850553749,0.43281938325991187,0.09146715776550031
523,4.702630796014333,0.43281938325991187,0.09187640679353387
524,4.702392603562,0.43392070484581496,0.09187640679353387
525,4.702002462887084,0.43392070484581496,0.09197871905054225
526,4.701981239781417,0.43612334801762115,0.09197871905054225
527,4.701467022129964,0.43612334801762115,0.09218334356455904
528,4.701171082683667,0.43722466960352424,0.09218334356455904
529,4.697410375715249,0.43722466960352424,0.09320646613464292
530,4.697268956045166,0.43832599118942733,0.09320646613464292
531,4.696430285753499,0.43832599118942733,0.09341109064865971
532,4.696398825948499,0.43942731277533037,0.09341109064865971
533,4.696114981726,0.43942731277533037,0.09361571516267649
534,4.6954677203754995,0.44162995594713655,0.09361571516267649
535,4.691244337996083,0.44162995594713655,0.09453652547575199
536,4.691213816261999,0.44273127753303965,0.09453652547575199
537,4.691063734465499,0.44273127753303965,0.09474114998976878
538,4.690489026361499,0.44383259911894274,0.09474114998976878
539,4.690357099347833,0.44383259911894274,0.09504808676079395
540,4.690262721799999,0.44493392070484583,0.09504808676079395
541,4.688658959201,0.44493392070484583,0.09555964804583589
542,4.6886154003969835,0.4460352422907489,0.09555964804583589
543,4.686506799005499,0.4460352422907489,0.09648045835891139
544,4.685946021464166,0.44713656387665196,0.09648045835891139
545,4.683974462616499,0.44713656387665196,0.09719664415797012
546,4.6839580417996665,0.44823788546255505,0.09719664415797012
547,4.683616871992166,0.44823788546255505,0.09740126867198691
548,4.6835688292389985,0.44933920704845814,0.09740126867198691
549,4.683537000401749,0.44933920704845814,0.09750358092899529
550,4.683382529528666,0.45044052863436124,0.09750358092899529
551,4.682895692995249,0.45044052863436124,0.09760589318600368
552,4.682822216321166,0.45154185022026433,0.09760589318600368
553,4.681526099770665,0.45154185022026433,0.0984243912420708
554,4.681158671850167,0.4526431718061674,0.0984243912420708
555,4.679455512468166,0.4526431718061674,0.09954982606916309
556,4.6788490107955,0.45374449339207046,0.09954982606916309
557,4.67825194964575,0.45374449339207046,0.09985676284018825
558,4.677570489358249,0.45594713656387664,0.09985676284018825
559,4.6774177528515,0.45594713656387664,0.10016369961121342
560,4.677047717688248,0.45704845814977973,0.10016369961121342
561,4.67609114547325,0.45704845814977973,0.10047063638223859
562,4.6759110692176655,0.4592511013215859,0.10047063638223859
563,4.673530500562749,0.4592511013215859,0.10118682218129732
564,4.673247961166499,0.46145374449339205,0.10118682218129732
565,4.671752359433499,0.46145374449339205,0.10220994475138122
566,4.671353930354666,0.46365638766519823,0.10220994475138122
567,4.669779581985583,0.46365638766519823,0.10241456926539799
568,4.669754772522499,0.4647577092511013,0.10241456926539799
569,4.6696978093132495,0.4647577092511013,0.10251688152240639
570,4.669248518122417,0.4658590308370044,0.10251688152240639
571,4.668208997931583,0.4658590308370044,0.10323306732146512
572,4.667304736869999,0.4669603524229075,0.10323306732146512
573,4.666943765005249,0.4669603524229075,0.10343769183548189
574,4.6669176662427505,0.46806167400881055,0.10343769183548189
575,4.666152516842,0.46806167400881055,0.10394925312052383
576,4.66605421347,0.46916299559471364,0.10394925312052383
577,4.6655724676679995,0.46916299559471364,0.10415387763454062
578,4.665443869168952,0.47026431718061673,0.10415387763454062
579,4.6629553966345,0.47026431718061673,0.10548393697564969
580,4.662819447866916,0.4724669603524229,0.10548393697564969
581,4.66261942919175,0.4724669603524229,0.10568856148966646
582,4.662376042451332,0.473568281938326,0.10568856148966646
583,4.661649660719166,0.473568281938326,0.10599549826069163
584,4.661523215758167,0.4746696035242291,0.10599549826069163
585,4.658341087659499,0.4746696035242291,0.10712093308778392
586,4.6574420395269165,0.4779735682819383,0.10712093308778392
587,4.656338312862333,0.4779735682819383,0.10763249437282586
588,4.655823665590499,0.4790748898678414,0.10763249437282586
589,4.6557880954045,0.4790748898678414,0.10773480662983426
590,4.655239931111,0.4812775330396476,0.10773480662983426
591,4.654662389163832,0.4812775330396476,0.10793943114385103
592,4.654299207362749,0.48237885462555063,0.10793943114385103
593,4.652930999297499,0.48237885462555063,0.10834868017188459
594,4.652737981241222,0.4834801762114537,0.10834868017188459
595,4.6510259605865,0.4834801762114537,0.10896255371393493
596,4.650859707561334,0.4845814977973568,0.10896255371393493
597,4.650686618029999,0.4845814977973568,0.1091671782279517
598,4.6506428085165,0.4856828193832599,0.1091671782279517
599,4.649159684249416,0.4856828193832599,0.110292613055044
600,4.648636816899,0.4889867841409692,0.110292613055044
601,4.648635362873953,0.4889867841409692,0.11039492531205239
602,4.648382868641749,0.4900881057268722,0.11039492531205239
603,4.647065280530499,0.4900881057268722,0.11152036013914467
604,4.6470008935015,0.4911894273127753,0.11152036013914467
605,4.645655337589583,0.4911894273127753,0.1122365459382034
606,4.645573292639094,0.4922907488986784,0.1122365459382034
607,4.645258994352,0.4922907488986784,0.11254348270922857
608,4.645171658334916,0.4933920704845815,0.11254348270922857
609,4.644492929123236,0.4933920704845815,0.11274810722324534
610,4.6432663619694265,0.4955947136563877,0.11274810722324534
611,4.641524343372833,0.4955947136563877,0.1132596685082873
612,4.641468147551749,0.4966960352422907,0.1132596685082873
613,4.640881096890214,0.4966960352422907,0.11397585430734603
614,4.640819786924417,0.4977973568281938,0.11397585430734603
615,4.640296583961582,0.4977973568281938,0.11448741559238797
616,4.640028885551557,0.4988986784140969,0.11448741559238797
617,4.634259398207,0.4988986784140969,0.11663597298956414
618,4.6341725984731665,0.5,0.11663597298956414
619,4.631340495573333,0.5,0.11796603233067321
620,4.631115740486333,0.501101321585903,0.11796603233067321
621,4.630528259511583,0.501101321585903,0.11868221812973194
622,4.630393139529833,0.5022026431718062,0.11868221812973194
623,4.629525811980071,0.5022026431718062,0.11898915490075711
624,4.62941016986,0.5033039647577092,0.11898915490075711
625,4.6292583794705,0.5033039647577092,0.1191937794147739
626,4.6292075799265,0.5044052863436124,0.1191937794147739
627,4.627401792843166,0.5044052863436124,0.12042152649887457
628,4.6273490580595,0.5055066079295154,0.12042152649887457
629,4.626686788213499,0.5055066079295154,0.1210354000409249
630,4.626559258104667,0.5066079295154186,0.1210354000409249
631,4.625668393746333,0.5066079295154186,0.12134233681195007
632,4.625331950335666,0.5077092511013216,0.12134233681195007
633,4.625156409407916,0.5077092511013216,0.12144464906895847
634,4.625131573524666,0.5088105726872246,0.12144464906895847
635,4.624509016159916,0.5088105726872246,0.12164927358297524
636,4.6244801395005,0.5099118942731278,0.12164927358297524
637,4.620399014464666,0.5099118942731278,0.1241047677511766
638,4.619973875381749,0.5110132158590308,0.1241047677511766
639,4.618069921827999,0.5110132158590308,0.1252302025782689
640,4.617752715617,0.512114537444934,0.1252302025782689
641,4.6169727103059985,0.512114537444934,0.12574176386331082
642,4.616710931560166,0.513215859030837,0.12574176386331082
643,4.6160295119066665,0.513215859030837,0.12656026191937794
644,4.61592651523575,0.5154185022026432,0.12656026191937794
645,4.615814466304999,0.5154185022026432,0.12676488643339473
646,4.615553069374833,0.5165198237885462,0.12676488643339473
647,4.615059725601416,0.5165198237885462,0.1270718232044199
648,4.614565830516083,0.5176211453744494,0.1270718232044199
649,4.6135278947485,0.5176211453744494,0.127890321260487
650,4.613133260874402,0.5187224669603524,0.127890321260487
651,4.609711330645,0.5187224669603524,0.1299365664006548
652,4.608960231739165,0.5209251101321586,0.1299365664006548
653,4.608641774746583,0.5209251101321586,0.13024350317167996
654,4.608254203046166,0.5220264317180616,0.13024350317167996
655,4.606523930868666,0.5220264317180616,0.13157356251278904
656,4.60591224495563,0.5231277533039648,0.13157356251278904
657,4.605285929597833,0.5231277533039648,0.13208512379783097
658,4.605235404308499,0.5242290748898678,0.13208512379783097
659,4.602872243151749,0.5242290748898678,0.13331287088193167
660,4.6026845483965,0.526431718061674,0.13331287088193167
661,4.6021256871435,0.526431718061674,0.13351749539594843
662,4.602110302261,0.5275330396475771,0.13351749539594843
663,4.5994642093191676,0.5275330396475771,0.1349498669940659
664,4.598954492400333,0.5297356828193832,0.1349498669940659
665,4.596207110983499,0.5297356828193832,0.1358706773071414
666,4.5960424233678445,0.5308370044052864,0.1358706773071414
667,4.595152383439499,0.5308370044052864,0.13638223859218335
668,4.5944626881225,0.5330396475770925,0.13638223859218335
669,4.593708764705,0.5330396475770925,0.13668917536320851
670,4.593559273596666,0.5341409691629956,0.13668917536320851
671,4.592748582276571,0.5341409691629956,0.1368937998772253
672,4.5926712932205,0.5352422907488987,0.1368937998772253
673,4.592507114811333,0.5352422907488987,0.13699611213423368
674,4.5922840475365,0.5363436123348018,0.13699611213423368
675,4.5922586733249995,0.5363436123348018,0.13720073664825047
676,4.5921364374045,0.5374449339207048,0.13720073664825047
677,4.590771115960917,0.5374449339207048,0.13801923470431757
678,4.5906232082925,0.538546255506608,0.13801923470431757
679,4.590185277084666,0.538546255506608,0.13832617147534274
680,4.590176386145167,0.539647577092511,0.13832617147534274
681,4.5899266668104985,0.539647577092511,0.1387354205033763
682,4.589914739795833,0.5407488986784141,0.1387354205033763
683,4.588595064879748,0.5407488986784141,0.13934929404542665
684,4.588446998026999,0.5418502202643172,0.13934929404542665
685,4.587537157201999,0.5418502202643172,0.14027010435850215
686,4.58685969999625,0.5429515418502202,0.14027010435850215
687,4.5867154936765,0.5429515418502202,0.14047472887251894
688,4.586525389567666,0.5440528634361234,0.14047472887251894
689,4.586341196150417,0.5440528634361234,0.1406793533865357
690,4.586222825310166,0.5462555066079295,0.1406793533865357
691,4.586005859031416,0.5462555066079295,0.1408839779005525
692,4.5859032190316675,0.5473568281938326,0.1408839779005525
693,4.585269279813,0.5473568281938326,0.14129322692858604
694,4.585055525811737,0.5484581497797357,0.14129322692858604
695,4.582901991930499,0.5484581497797357,0.14190710047063637
696,4.582532870951749,0.5495594713656388,0.14190710047063637
697,4.579478688184,0.5495594713656388,0.14354409658277062
698,4.579349082345999,0.5506607929515418,0.14354409658277062
699,4.5793058635955,0.5506607929515418,0.143646408839779
700,4.579136843742,0.552863436123348,0.143646408839779
701,4.5761221270888335,0.552863436123348,0.14559034172293842
702,4.57611043548225,0.5539647577092511,0.14559034172293842
703,4.573303051018167,0.5539647577092511,0.1477388991201146
704,4.5729090913883335,0.5561674008810573,0.1477388991201146
705,4.572864433189333,0.5561674008810573,0.14794352363413138
706,4.572455259193333,0.5572687224669604,0.14794352363413138
707,4.572370834042499,0.5572687224669604,0.14814814814814814
708,4.5722092436168325,0.5583700440528634,0.14814814814814814
709,4.568988573173333,0.5583700440528634,0.15009208103130756
710,4.56895417284425,0.5594713656387665,0.15009208103130756
711,4.568629505127499,0.5594713656387665,0.1505013300593411
712,4.568300552550333,0.5605726872246696,0.1505013300593411
713,4.5682061201765,0.5605726872246696,0.1506036423163495
714,4.567871201695167,0.5616740088105727,0.1506036423163495
715,4.5665413310617495,0.5616740088105727,0.1514221403724166
716,4.566413652853666,0.5627753303964758,0.1514221403724166
717,4.5661291711165,0.5627753303964758,0.1516267648864334
718,4.566090739098167,0.5638766519823789,0.1516267648864334
719,4.565151631747454,0.5638766519823789,0.1525475751995089
720,4.564828666330167,0.5649779735682819,0.1525475751995089
721,4.563422454085083,0.5649779735682819,0.1536730100266012
722,4.563210977933084,0.566079295154185,0.1536730100266012
723,4.5631772415035,0.566079295154185,0.15377532228360957
724,4.562952655570666,0.5671806167400881,0.15377532228360957
725,4.562618591475,0.5671806167400881,0.1545938203396767
726,4.562494501821666,0.5682819383259912,0.1545938203396767
727,4.558851115753499,0.5682819383259912,0.15715162676488642
728,4.558291595561666,0.5704845814977973,0.15715162676488642
729,4.5579093992885,0.5704845814977973,0.1574585635359116
730,4.557736918680499,0.5715859030837004,0.1574585635359116
731,4.557244091675749,0.5715859030837004,0.15776550030693678
732,4.5570335119131675,0.5726872246696035,0.15776550030693678
733,4.555798301921,0.5726872246696035,0.15878862287702067
734,4.55560418396,0.5737885462555066,0.15878862287702067
735,4.555389369202583,0.5737885462555066,0.15909555964804584
736,4.555377771378416,0.5748898678414097,0.15909555964804584
737,4.553920936610999,0.5748898678414097,0.15970943319009617
738,4.553780817939,0.5759911894273128,0.15970943319009617
739,4.5525302318535,0.5759911894273128,0.1605279312461633
740,4.552491940245,0.5770925110132159,0.1605279312461633
741,4.552204417613499,0.5770925110132159,0.16083486801718846
742,4.5513349376355,0.5803964757709251,0.16083486801718846
743,4.549640264141,0.5803964757709251,0.1616533660732556
744,4.549499835841833,0.5814977973568282,0.1616533660732556
745,4.548848539901667,0.5814977973568282,0.1623695518723143
746,4.548149637721417,0.5825991189427313,0.1623695518723143
747,4.545635160552499,0.5825991189427313,0.16380192347043177
748,4.545486903470834,0.5837004405286343,0.16380192347043177
749,4.545254700575499,0.5837004405286343,0.16400654798444853
750,4.545227272601666,0.5848017621145375,0.16400654798444853
751,4.545061694680251,0.5848017621145375,0.16410886024145693
752,4.544916110278833,0.5859030837004405,0.16410886024145693
753,4.544591431338833,0.5859030837004405,0.1644157970124821
754,4.54458557452525,0.5870044052863436,0.1644157970124821
755,4.543326547919416,0.5870044052863436,0.16543891958256599
756,4.543308061644535,0.5881057268722467,0.16543891958256599
757,4.543155547119167,0.5881057268722467,0.16564354409658277
758,4.542967895686571,0.5892070484581498,0.16564354409658277
759,4.542786839463,0.5892070484581498,0.16584816861059956
760,4.542702816494167,0.5903083700440529,0.16584816861059956
761,4.541622588946999,0.5903083700440529,0.16666666666666666
762,4.541570615065166,0.5914096916299559,0.16666666666666666
763,4.541221294694833,0.5914096916299559,0.16687129118068345
764,4.541119034139999,0.5925110132158591,0.16687129118068345
765,4.540204214306333,0.5925110132158591,0.1673828524657254
766,4.5400723474812485,0.5936123348017621,0.1673828524657254
767,4.539958756609667,0.5936123348017621,0.16758747697974216
768,4.5395651522774765,0.5958149779735683,0.16758747697974216
769,4.539463736576652,0.5958149779735683,0.16789441375076733
770,4.5391481858026665,0.5969162995594713,0.16789441375076733
771,4.5389380647151665,0.5969162995594713,0.16809903826478412
772,4.538916840094316,0.5980176211453745,0.16809903826478412
773,4.537633737016167,0.5980176211453745,0.1693267853488848
774,4.537455259913071,0.5991189427312775,0.1693267853488848
775,4.536548700434795,0.5991189427312775,0.16994065889093513
776,4.536358961478833,0.6002202643171806,0.16994065889093513
777,4.5354729311314985,0.6002202643171806,0.17075915694700225
778,4.535343843738166,0.6013215859030837,0.17075915694700225
779,4.534608575070831,0.6013215859030837,0.1712707182320442
780,4.5345723962145,0.6024229074889867,0.1712707182320442
781,4.534430427833667,0.6024229074889867,0.17137303048905259
782,4.534054682133833,0.6046255506607929,0.17137303048905259
783,4.5338090388251535,0.6046255506607929,0.17167996726007775
784,4.533098556683749,0.6057268722466961,0.17167996726007775
785,4.530411021792498,0.6057268722466961,0.17382852465725393
786,4.530337117182,0.6068281938325991,0.17382852465725393
787,4.528650404405833,0.6068281938325991,0.1750562717413546
788,4.528623044286499,0.6079295154185022,0.1750562717413546
789,4.527116020094334,0.6079295154185022,0.17577245754041335
790,4.527078461725333,0.6090308370044053,0.17577245754041335
791,4.5263090785768325,0.6090308370044053,0.1761817065684469
792,4.5260852997848335,0.6101321585903083,0.1761817065684469
793,4.5244750486369165,0.6101321585903083,0.17689789236750564
794,4.524197219661999,0.6112334801762115,0.17689789236750564
795,4.522714092057999,0.6112334801762115,0.17792101493758952
796,4.522652096189834,0.6123348017621145,0.17792101493758952
797,4.520808790895939,0.6123348017621145,0.1789441375076734
798,4.5207678880348325,0.6134361233480177,0.1789441375076734
799,4.519831027448584,0.6134361233480177,0.1801718845917741
800,4.519814246560916,0.6145374449339207,0.1801718845917741
801,4.519544202124166,0.6145374449339207,0.18047882136279927
802,4.519254892008387,0.6156387665198237,0.18047882136279927
803,4.5171728131745,0.6156387665198237,0.18160425618989154
804,4.517082222378666,0.6167400881057269,0.18160425618989154
805,4.516530388544833,0.6167400881057269,0.18201350521792511
806,4.5164005308552495,0.6178414096916299,0.18201350521792511
807,4.515796483633416,0.6178414096916299,0.18242275424595866
808,4.5157492925420835,0.6189427312775331,0.18242275424595866
809,4.515255982673,0.6189427312775331,0.18293431553100062
810,4.514574034305833,0.6211453744493393,0.18293431553100062
811,4.514573097909167,0.6211453744493393,0.183036627788009
812,4.514504357878333,0.6222466960352423,0.183036627788009
813,4.51419288096725,0.6222466960352423,0.1832412523020258
814,4.514180635444833,0.6233480176211453,0.1832412523020258
815,4.5126498995086655,0.6233480176211453,0.18467362390014325
816,4.512337152490249,0.6266519823788547,0.18467362390014325
817,4.5120608011495,0.6266519823788547,0.18498056067116841
818,4.51184807917275,0.6277533039647577,0.18498056067116841
819,4.511564086237334,0.6277533039647577,0.18538980969920196
820,4.511333823985,0.6288546255506607,0.18538980969920196
821,4.510275984413999,0.6288546255506607,0.18569674647022713
822,4.509906039369749,0.6299559471365639,0.18569674647022713
823,4.506956533757665,0.6299559471365639,0.1871291180683446
824,4.506767249682,0.6321585903083701,0.1871291180683446
825,4.505348076083833,0.6321585903083701,0.18794761612441171
826,4.505324882408166,0.6332599118942731,0.18794761612441171
827,4.50527226484275,0.6332599118942731,0.18815224063842848
828,4.504808870523333,0.6354625550660793,0.18815224063842848
829,4.5023902016665,0.6354625550660793,0.18968692449355432
830,4.502258380917833,0.6365638766519823,0.18968692449355432
831,4.501682229254083,0.6365638766519823,0.19030079803560468
832,4.501617254510499,0.6376651982378855,0.19030079803560468
833,4.501253119666,0.6376651982378855,0.19060773480662985
834,4.501188070881001,0.6387665198237885,0.19060773480662985
835,4.501143684562666,0.6387665198237885,0.19071004706363823
836,4.501020505771168,0.6398678414096917,0.19071004706363823
837,4.497600367019333,0.6398678414096917,0.19337016574585636
838,4.497523372210427,0.6409691629955947,0.19337016574585636
839,4.497420117538166,0.6409691629955947,0.19347247800286474
840,4.4970821587385,0.6420704845814978,0.19347247800286474
841,4.495471176174,0.6420704845814978,0.19449560057294865
842,4.495412541897583,0.6431718061674009,0.19449560057294865
843,4.4952862750029166,0.6431718061674009,0.19459791282995703
844,4.4945486017275,0.6453744493392071,0.19459791282995703
845,4.494080082308583,0.6453744493392071,0.1949048496009822
846,4.493981370239166,0.6464757709251101,0.1949048496009822
847,4.493611881932333,0.6464757709251101,0.19500716185799058
848,4.493413975903428,0.6486784140969163,0.19500716185799058
849,4.493283967979665,0.6486784140969163,0.19531409862901575
850,4.493258732940999,0.6497797356828194,0.19531409862901575
851,4.493166748626321,0.6497797356828194,0.19541641088602416
852,4.493110253628832,0.6508810572687225,0.19541641088602416
853,4.4925611667435,0.6508810572687225,0.19592797217106608
854,4.492439662253203,0.6519823788546255,0.19592797217106608
855,4.491390634764499,0.6519823788546255,0.19643953345610804
856,4.491322068935166,0.6530837004405287,0.19643953345610804
857,4.490135543498166,0.6530837004405287,0.19746265602619192
858,4.490035853560332,0.6541850220264317,0.19746265602619192
859,4.489917186881666,0.6541850220264317,0.19756496828320033
860,4.489614206875,0.6563876651982379,0.19756496828320033
861,4.489440959558083,0.6563876651982379,0.1976672805402087
862,4.489414998590999,0.6574889867841409,0.1976672805402087
863,4.4889574350327495,0.6574889867841409,0.19858809085328422
864,4.48865381711675,0.6585903083700441,0.19858809085328422
865,4.487877302663499,0.6585903083700441,0.19920196439533455
866,4.487811307633666,0.6596916299559471,0.19920196439533455
867,4.4871690600865,0.6596916299559471,0.1998158379373849
868,4.4871461869996665,0.6607929515418502,0.1998158379373849
869,4.484967139776,0.6607929515418502,0.2008389605074688
870,4.4849011954838325,0.6618942731277533,0.2008389605074688
871,4.482647622953151,0.6618942731277533,0.2026805811336198
872,4.482590180636667,0.6629955947136564,0.2026805811336198
873,4.4808653867055,0.6629955947136564,0.20411295273173727
874,4.4803068645229045,0.6651982378854625,0.20411295273173727
875,4.479001509957636,0.6651982378854625,0.20513607530182115
876,4.478647745789584,0.6662995594713657,0.20513607530182115
877,4.47791789966,0.6662995594713657,0.2057499488438715
878,4.4778843581122585,0.6674008810572687,0.2057499488438715
879,4.477384669672833,0.6674008810572687,0.20636382238592182
880,4.477297736845286,0.6685022026431718,0.20636382238592182
881,4.476440838477084,0.6685022026431718,0.20728463269899733
882,4.4764174597025725,0.6696035242290749,0.20728463269899733
883,4.474900966540166,0.6696035242290749,0.20851237978309803
884,4.4744854759558335,0.6718061674008811,0.20851237978309803
885,4.4713903056756665,0.6718061674008811,0.21045631266625742
886,4.471308236290167,0.6729074889867841,0.21045631266625742
887,4.471266183251165,0.6729074889867841,0.2105586249232658
888,4.471101711507,0.6740088105726872,0.2105586249232658
889,4.4692727842648186,0.6740088105726872,0.2125025578064252
890,4.469184082407,0.6751101321585903,0.2125025578064252
891,4.4640621049351665,0.6751101321585903,0.21802741968487824
892,4.463987682896477,0.6762114537444934,0.21802741968487824
893,4.4638908231907495,0.6762114537444934,0.21812973194188665
894,4.463757228930658,0.6773127753303965,0.21812973194188665
895,4.462924024296999,0.6773127753303965,0.21864129322692857
896,4.462910060534401,0.6784140969162996,0.21864129322692857
897,4.46252284658675,0.6784140969162996,0.21905054225496215
898,4.462516684000083,0.6795154185022027,0.21905054225496215
899,4.461881765493501,0.6795154185022027,0.21986904031102927
900,4.461634180701166,0.6806167400881057,0.21986904031102927
901,4.461445057845833,0.6806167400881057,0.21997135256803765
902,4.4611467132154985,0.6828193832599119,0.21997135256803765
903,4.459281211711668,0.6828193832599119,0.22160834868017187
904,4.458974228574999,0.683920704845815,0.22160834868017187
905,4.458282409438333,0.683920704845815,0.2222222222222222
906,4.458139280515461,0.6850220264317181,0.2222222222222222
907,4.457053231013499,0.6850220264317181,0.2235522815633313
908,4.4570305093245,0.6861233480176211,0.2235522815633313
909,4.45397655126975,0.6861233480176211,0.22559852670349909
910,4.453921768953666,0.6872246696035242,0.22559852670349909
911,4.453692124842999,0.6872246696035242,0.22580315121751585
912,4.453581095314,0.6883259911894273,0.22580315121751585
913,4.451355704523428,0.6883259911894273,0.22754245958665847
914,4.451351681161666,0.6894273127753304,0.22754245958665847
915,4.450812651033166,0.6894273127753304,0.22784939635768364
916,4.450522581947,0.6905286343612335,0.22784939635768364
917,4.448709936833166,0.6905286343612335,0.2292817679558011
918,4.448517376847416,0.6916299559471366,0.2292817679558011
919,4.4483294571073335,0.6916299559471366,0.22979332924084306
920,4.4480596363975,0.6938325991189427,0.22979332924084306
921,4.4473712084075,0.6938325991189427,0.2304072027828934
922,4.447129065225999,0.6949339207048458,0.2304072027828934
923,4.446356544246499,0.6949339207048458,0.2313280130959689
924,4.446309825429499,0.6960352422907489,0.2313280130959689
925,4.4462946701406665,0.6960352422907489,0.23143032535297728
926,4.4461404274570935,0.697136563876652,0.23143032535297728
927,4.445780546831498,0.697136563876652,0.23173726212400245
928,4.445755499536666,0.698237885462555,0.23173726212400245
929,4.441548464591572,0.698237885462555,0.23552281563331287
930,4.441408634996082,0.6993392070484582,0.23552281563331287
931,4.439315875995082,0.6993392070484582,0.23777368528749745
932,4.4391758035435,0.7004405286343612,0.23777368528749745
933,4.439035291043095,0.7004405286343612,0.23808062205852262
934,4.438959988507,0.7015418502202643,0.23808062205852262
935,4.437981594203083,0.7015418502202643,0.23879680785758134
936,4.437792202654749,0.7026431718061674,0.23879680785758134
937,4.434994764711666,0.7026431718061674,0.24104767751176592
938,4.434753596725666,0.7037444933920705,0.24104767751176592
939,4.433700658228071,0.7037444933920705,0.24196848782484143
940,4.4333461617603325,0.7048458149779736,0.24196848782484143
941,4.429813296075416,0.7048458149779736,0.24391242070800082
942,4.4297479446605,0.7059471365638766,0.24391242070800082
943,4.429134752646903,0.7059471365638766,0.24452629425005115
944,4.429120634675332,0.7070484581497798,0.24452629425005115
945,4.428912363557499,0.7070484581497798,0.2450378555350931
946,4.4287697070815835,0.7081497797356828,0.2450378555350931
947,4.428375947137999,0.7081497797356828,0.2452424800491099
948,4.4279846495145,0.7092511013215859,0.2452424800491099
949,4.4272966507685,0.7092511013215859,0.24636791487620216
950,4.4269115492995,0.710352422907489,0.24636791487620216
951,4.4265366684049985,0.710352422907489,0.24677716390423574
952,4.4263739554602495,0.711453744493392,0.24677716390423574
953,4.4261271861505005,0.711453744493392,0.2470841006752609
954,4.4259823631785,0.7125550660792952,0.2470841006752609
955,4.425055711877167,0.7125550660792952,0.24831184775936158
956,4.42499727631325,0.7136563876651982,0.24831184775936158
957,4.4243922967456975,0.7136563876651982,0.2491303458154287
958,4.424327917780333,0.7147577092511013,0.2491303458154287
959,4.422962163961,0.7147577092511013,0.2501534683855126
960,4.422897606542749,0.7169603524229075,0.2501534683855126
961,4.419263976167667,0.7169603524229075,0.2529158993247391
962,4.418937661771,0.7180616740088106,0.2529158993247391
963,4.41751103827325,0.7180616740088106,0.2540413341518314
964,4.417482417471512,0.7191629955947136,0.2540413341518314
965,4.417268415205999,0.7191629955947136,0.25434827092285656
966,4.417247120731833,0.7202643171806168,0.25434827092285656
967,4.4171882350551765,0.7202643171806168,0.25445058317986496
968,4.417176295515082,0.7213656387665198,0.25445058317986496
969,4.4165805913995,0.7213656387665198,0.25475751995089013
970,4.416225267805308,0.7224669603524229,0.25475751995089013
971,4.412541639489333,0.7224669603524229,0.2582361366891754
972,4.41252420651625,0.723568281938326,0.2582361366891754
973,4.409646948959167,0.723568281938326,0.2605893186003683
974,4.409608499547916,0.724669603524229,0.2605893186003683
975,4.4071318461854165,0.724669603524229,0.26437487210967875
976,4.407102257356,0.7257709251101322,0.26437487210967875
977,4.406530502189644,0.7257709251101322,0.2646818088807039
978,4.406460693208,0.7268722466960352,0.2646818088807039
979,4.405975643565332,0.7268722466960352,0.2649887456517291
980,4.405859683820999,0.7279735682819384,0.2649887456517291
981,4.4048520263586655,0.7279735682819384,0.265500306936771
982,4.4047874322634994,0.7290748898678414,0.265500306936771
983,4.404547194639499,0.7290748898678414,0.2656026191937794
984,4.4044069716235015,0.7312775330396476,0.2656026191937794
985,4.398821802667749,0.7312775330396476,0.2713321055862492
986,4.3987791239255,0.7323788546255506,0.2713321055862492
987,4.3979727325665,0.7323788546255506,0.2718436668712912
988,4.397825530625485,0.7334801762114538,0.2718436668712912
989,4.396409693613916,0.7334801762114538,0.2732760384694086
990,4.396293664391333,0.7345814977973568,0.2732760384694086
991,4.3943835183122495,0.7345814977973568,0.27521997135256804
992,4.394321552047833,0.736784140969163,0.27521997135256804
993,4.39267257179925,0.736784140969163,0.2767546552076939
994,4.392483441471582,0.737885462555066,0.2767546552076939
995,4.391921355406748,0.737885462555066,0.2773685287497442
996,4.391426764230748,0.7400881057268722,0.2773685287497442
997,4.3914044189825,0.7400881057268722,0.2774708410067526
998,4.391396385655833,0.7411894273127754,0.2774708410067526
999,4.3911725795219985,0.7411894273127754,0.27798240229179455
1000,4.390916602834071,0.7422907488986784,0.27798240229179455
1001,4.39035995337975,0.7422907488986784,0.2782893390628197
1002,4.390240052110888,0.7444933920704846,0.2782893390628197
1003,4.3889780774477485,0.7444933920704846,0.27941477388991204
1004,4.3884228741675,0.7455947136563876,0.27941477388991204
1005,4.388012195400332,0.7455947136563876,0.28023327194597913
1006,4.387923226471333,0.7466960352422908,0.28023327194597913
1007,4.387549233877666,0.7466960352422908,0.2806425209740127
1008,4.387459266742082,0.7477973568281938,0.2806425209740127
1009,4.387419733651,0.7477973568281938,0.28074483323102106
1010,4.387388224572416,0.748898678414097,0.28074483323102106
1011,4.385702602474335,0.748898678414097,0.2826887661141805
1012,4.385672177175582,0.75,0.2826887661141805
1013,4.385211361085498,0.75,0.28299570288520565
1014,4.384504041016132,0.7522026431718062,0.28299570288520565
1015,4.3843173666985,0.7522026431718062,0.28309801514221405
1016,4.3842855134226655,0.7533039647577092,0.28309801514221405
1017,4.381322913705748,0.7533039647577092,0.2853488847963986
1018,4.380769461003166,0.7555066079295154,0.2853488847963986
1019,4.379756098085251,0.7555066079295154,0.28678125639451607
1020,4.379583894755658,0.7566079295154186,0.28678125639451607
1021,4.378807580424167,0.7566079295154186,0.287292817679558
1022,4.3786687636735,0.7577092511013216,0.287292817679558
1023,4.377335434688498,0.7577092511013216,0.2884182525066503
1024,4.3772421808775,0.7588105726872246,0.2884182525066503
1025,4.375387099633667,0.7588105726872246,0.2893390628197258
1026,4.375304511581501,0.7599118942731278,0.2893390628197258
1027,4.3717745405737505,0.7599118942731278,0.29394311438510334
1028,4.3715359737785,0.762114537444934,0.29394311438510334
1029,4.3706907653929985,0.762114537444934,0.2950685492121956
1030,4.37067887457725,0.763215859030837,0.2950685492121956
1031,4.368104912086818,0.763215859030837,0.29752404338039695
1032,4.36791287019975,0.76431718061674,0.29752404338039695
1033,4.365233922449082,0.76431718061674,0.2992633517495396
1034,4.365100541513833,0.7654185022026432,0.2992633517495396
1035,4.3650208764495,0.7654185022026432,0.2995702885205648
1036,4.3649706123954175,0.7665198237885462,0.2995702885205648
1037,4.3637787015864165,0.7665198237885462,0.3004910988336403
1038,4.363681784763083,0.7676211453744494,0.3004910988336403
1039,4.3628675873899985,0.7676211453744494,0.3010026601186822
1040,4.362859904966916,0.7687224669603524,0.3010026601186822
1041,4.3624400892977855,0.7687224669603524,0.3015142214037242
1042,4.362344724714903,0.7698237885462555,0.3015142214037242
1043,4.361444782798875,0.7698237885462555,0.3024350317167997
1044,4.361389633795786,0.7709251101321586,0.3024350317167997
1045,4.360100203226416,0.7709251101321586,0.30386740331491713
1046,4.360022780937916,0.7720264317180616,0.30386740331491713
1047,4.359927247838666,0.7720264317180616,0.3040720278289339
1048,4.3598914926314984,0.7731277533039648,0.3040720278289339
1049,4.35941504293175,0.7731277533039648,0.30458358911397587
1050,4.359333589977333,0.7742290748898678,0.30458358911397587
1051,4.358265795318666,0.7742290748898678,0.30529977491303456
1052,4.358188339940833,0.775330396475771,0.30529977491303456
1053,4.356040106394321,0.775330396475771,0.3070390832821772
1054,4.3559822803955,0.776431718061674,0.3070390832821772
1055,4.355299636150167,0.776431718061674,0.30744833231021074
1056,4.3550640640387845,0.7775330396475771,0.30744833231021074
1057,4.354037633890998,0.7775330396475771,0.30857376713730306
1058,4.353828533794166,0.7786343612334802,0.30857376713730306
1059,4.352673658168818,0.7786343612334802,0.3101084509924289
1060,4.352422551930498,0.7797356828193832,0.3101084509924289
1061,4.351610145478916,0.7797356828193832,0.310926949048496
1062,4.351568762865334,0.7808370044052864,0.310926949048496
1063,4.3495652126645,0.7808370044052864,0.31246163290362183
1064,4.349533522147,0.7819383259911894,0.31246163290362183
1065,4.3487886365962485,0.7819383259911894,0.3129731941886638
1066,4.3487536551047485,0.7830396475770925,0.3129731941886638
1067,4.347722285049748,0.7830396475770925,0.3142009412727645
1068,4.3476938113965,0.7841409691629956,0.3142009412727645
1069,4.34663822916825,0.7841409691629956,0.31553100061387357
1070,4.346513508688,0.7852422907488987,0.31553100061387357
1071,4.346314757794748,0.7852422907488987,0.31573562512789033
1072,4.3462184916114985,0.7863436123348018,0.31573562512789033
1073,4.344673326484498,0.7863436123348018,0.31767955801104975
1074,4.344516151568916,0.7874449339207048,0.31767955801104975
1075,4.3434373869335845,0.7874449339207048,0.3182934315531001
1076,4.343279024499498,0.789647577092511,0.3182934315531001
1077,4.340607517977416,0.789647577092511,0.3214651115203601
1078,4.340569694915166,0.7907488986784141,0.3214651115203601
1079,4.3373439530598095,0.7907488986784141,0.3247391037446286
1080,4.337318796640333,0.7918502202643172,0.3247391037446286
1081,4.335706505806333,0.7918502202643172,0.3259668508287293
1082,4.335610206591,0.7929515418502202,0.3259668508287293
1083,4.335060242567667,0.7929515418502202,0.326683036627788
1084,4.335000560198833,0.7940528634361234,0.326683036627788
1085,4.333503335381833,0.7940528634361234,0.32821772048291387
1086,4.3333157610315,0.7951541850220264,0.32821772048291387
1087,4.3320025608906665,0.7951541850220264,0.32903621853898096
1088,4.3318305054885,0.7962555066079295,0.32903621853898096
1089,4.33044399835025,0.7962555066079295,0.3310824636791488
1090,4.330013024018,0.7973568281938326,0.3310824636791488
1091,4.3293390392835,0.7973568281938326,0.3319009617352159
1092,4.329285225759333,0.7984581497797357,0.3319009617352159
1093,4.329144228944498,0.7984581497797357,0.33210558624923264
1094,4.3290674037244985,0.7995594713656388,0.33210558624923264
1095,4.328792499800083,0.7995594713656388,0.3324125230202578
1096,4.3287836305145815,0.8006607929515418,0.3324125230202578
1097,4.327625243069583,0.8006607929515418,0.3336402701043585
1098,4.327518562820571,0.801762114537445,0.3336402701043585
1099,4.326186160233881,0.801762114537445,0.334561080417434
1100,4.325910256796666,0.802863436123348,0.334561080417434
1101,4.324334239140168,0.802863436123348,0.3359934520155515
1102,4.324322036259738,0.8039647577092511,0.3359934520155515
1103,4.32362513127425,0.8039647577092511,0.3375281358706773
1104,4.323503990539167,0.8050660792951542,0.3375281358706773
1105,4.323485319445498,0.8050660792951542,0.3376304481276857
1106,4.323305581007202,0.8061674008810573,0.3376304481276857
1107,4.32311029779525,0.8061674008810573,0.3379373848987109
1108,4.323072770512333,0.8072687224669604,0.3379373848987109
1109,4.322885284852318,0.8072687224669604,0.3383466339267444
1110,4.322641510611819,0.8094713656387665,0.3383466339267444
1111,4.322193296970584,0.8094713656387665,0.3392674442398199
1112,4.3221668709798315,0.8105726872246696,0.3392674442398199
1113,4.32025803635025,0.8105726872246696,0.3406998158379374
1114,4.320225158388,0.8116740088105727,0.3406998158379374
1115,4.3202051495488325,0.8116740088105727,0.34080212809494576
1116,4.320186590091166,0.8127753303964758,0.34080212809494576
1117,4.317065808313998,0.8127753303964758,0.3444853693472478
1118,4.3169053415336665,0.8138766519823789,0.3444853693472478
1119,4.3167397171256665,0.8138766519823789,0.3446899938612646
1120,4.31667737375825,0.8149779735682819,0.3446899938612646
1121,4.316412384928571,0.8149779735682819,0.34499693063228976
1122,4.316259625528333,0.816079295154185,0.34499693063228976
1123,4.315985546448417,0.816079295154185,0.34509924288929816
1124,4.3159648973905815,0.8171806167400881,0.34509924288929816
1125,4.314191932932083,0.8171806167400881,0.3462246777163904
1126,4.314171294921159,0.8182819383259912,0.3462246777163904
1127,4.313938435860401,0.8182819383259912,0.3470431757724575
1128,4.313901305039333,0.8193832599118943,0.3470431757724575
1129,4.3116949050849165,0.8193832599118943,0.34857785962758336
1130,4.311667101523167,0.8204845814977973,0.34857785962758336
1131,4.309229736439833,0.8204845814977973,0.3504194802537344
1132,4.3091587477825835,0.8215859030837004,0.3504194802537344
1133,4.309129657181,0.8215859030837004,0.3505217925107428
1134,4.309119870213332,0.8226872246696035,0.3505217925107428
1135,4.3089442585262505,0.8226872246696035,0.35093104153877636
1136,4.3088446275465,0.8237885462555066,0.35093104153877636
1137,4.308150454270998,0.8237885462555066,0.3514426028238183
1138,4.3080085539225,0.8248898678414097,0.3514426028238183
1139,4.306131700994701,0.8248898678414097,0.35287497442193577
1140,4.306097908296667,0.8259911894273128,0.35287497442193577
1141,4.304083070506321,0.8259911894273128,0.35584202987517904
1142,4.30393244166525,0.8270925110132159,0.35584202987517904
1143,4.303376956687833,0.8270925110132159,0.35666052793124614
1144,4.303305315124785,0.8281938325991189,0.35666052793124614
1145,4.300057054428166,0.8281938325991189,0.3603437691835482
1146,4.30001672046025,0.829295154185022,0.3603437691835482
1147,4.298572677897404,0.829295154185022,0.36279926335174956
1148,4.298549774675998,0.8303964757709251,0.36279926335174956
1149,4.297128146684832,0.8303964757709251,0.3639246981788418
1150,4.2970360647857495,0.8314977973568282,0.3639246981788418
1151,4.294139730398166,0.8314977973568282,0.3670963781461019
1152,4.294055518539583,0.8325991189427313,0.3670963781461019
1153,4.293902098191238,0.8325991189427313,0.36730100266011867
1154,4.293327011382499,0.8337004405286343,0.36730100266011867
1155,4.293251661920833,0.8337004405286343,0.3675056271741355
1156,4.2931402084574986,0.8348017621145375,0.3675056271741355
1157,4.292946232627498,0.8348017621145375,0.36760793943114384
1158,4.292642607603882,0.8359030837004405,0.36760793943114384
1159,4.289046967576915,0.8359030837004405,0.3709842439124207
1160,4.289018579561167,0.8370044052863436,0.3709842439124207
1161,4.28709180484175,0.8370044052863436,0.3729281767955801
1162,4.286994130944748,0.8381057268722467,0.3729281767955801
1163,4.286729806714583,0.8381057268722467,0.3734397380806221
1164,4.286682324656714,0.8392070484581498,0.3734397380806221
1165,4.284814490222082,0.8392070484581498,0.37589523224882343
1166,4.28450734237875,0.8403083700440529,0.37589523224882343
1167,4.283134252546833,0.8403083700440529,0.3775322283609576
1168,4.282880111688666,0.8414096916299559,0.3775322283609576
1169,4.282286441048,0.8414096916299559,0.3784530386740331
1170,4.282032097917,0.8425110132158591,0.3784530386740331
1171,4.278505105133132,0.8425110132158591,0.3819316554123184
1172,4.2784963565858325,0.8436123348017621,0.3819316554123184
1173,4.276323846930166,0.8436123348017621,0.38418252506650297
1174,4.276319533281833,0.8447136563876652,0.38418252506650297
1175,4.274235094291999,0.8447136563876652,0.38643339472068755
1176,4.274079494594833,0.8458149779735683,0.38643339472068755
1177,4.271386029806832,0.8458149779735683,0.3894004501739308
1178,4.27107033289175,0.8469162995594713,0.3894004501739308
1179,4.269779601855416,0.8469162995594713,0.391549007571107
1180,4.269699766941582,0.8480176211453745,0.391549007571107
1181,4.2687805947634985,0.8480176211453745,0.39236750562717415
1182,4.268713793090114,0.8491189427312775,0.39236750562717415
1183,4.2651503862767495,0.8491189427312775,0.39625537139349293
1184,4.264902487325166,0.8502202643171806,0.39625537139349293
1185,4.264111755701369,0.8502202643171806,0.39727849396357684
1186,4.264044125671584,0.8513215859030837,0.39727849396357684
1187,4.263201903936166,0.8513215859030837,0.39830161653366075
1188,4.263017976363333,0.8524229074889867,0.39830161653366075
1189,4.258914673969416,0.8524229074889867,0.40413341518313894
1190,4.258872935768667,0.8535242290748899,0.40413341518313894
1191,4.25673952549419,0.8535242290748899,0.4064865970943319
1192,4.256620562542,0.8546255506607929,0.4064865970943319
1193,4.254498577490154,0.8546255506607929,0.40914671577655004
1194,4.254355265058,0.8557268722466961,0.40914671577655004
1195,4.254222639421833,0.8557268722466961,0.4093513402905668
1196,4.254209822464,0.8568281938325991,0.4093513402905668
1197,4.2517567791634985,0.8568281938325991,0.411499897687743
1198,4.25150541947275,0.8579295154185022,0.411499897687743
1199,4.2503539733614994,0.8579295154185022,0.4131368937998772
1200,4.250332231905727,0.8590308370044053,0.4131368937998772
1201,4.247178397882627,0.8590308370044053,0.41692244730918765
1202,4.2469643387759985,0.8601321585903083,0.41692244730918765
1203,4.243353561260151,0.8601321585903083,0.4208103130755064
1204,4.243270786283583,0.8612334801762115,0.4208103130755064
1205,4.2432374296566655,0.8612334801762115,0.42091262533251483
1206,4.2432107901734994,0.8623348017621145,0.42091262533251483
1207,4.239920942966998,0.8623348017621145,0.42418661755678333
1208,4.2397936073325,0.8634361233480177,0.42418661755678333
1209,4.2391240123952985,0.8634361233480177,0.42480049109883367
1210,4.238880917221048,0.8645374449339207,0.42480049109883367
1211,4.238175229832462,0.8645374449339207,0.42592592592592593
1212,4.238160652371833,0.8656387665198237,0.42592592592592593
1213,4.2378699054930005,0.8656387665198237,0.4261305504399427
1214,4.2378111574969575,0.8667400881057269,0.4261305504399427
1215,4.2361942189232495,0.8667400881057269,0.4280744833231021
1216,4.236178912746166,0.8678414096916299,0.4280744833231021
1217,4.235810161372333,0.8678414096916299,0.42858604460814403
1218,4.235714259266248,0.8689427312775331,0.42858604460814403
1219,4.231890093210082,0.8689427312775331,0.4329854716595048
1220,4.23186800534034,0.8700440528634361,0.4329854716595048
1221,4.227869962449166,0.8700440528634361,0.4381010845099243
1222,4.227864506534832,0.8711453744493393,0.4381010845099243
1223,4.227285440212,0.8711453744493393,0.43881727030898304
1224,4.227266655097498,0.8722466960352423,0.43881727030898304
1225,4.227237445385666,0.8722466960352423,0.4389195825659914
1226,4.2272338108235,0.8733480176211453,0.4389195825659914
1227,4.224334596418666,0.8733480176211453,0.4426028238182934
1228,4.224298496314167,0.8744493392070485,0.4426028238182934
1229,4.223269727700904,0.8744493392070485,0.44423981993042766
1230,4.223195701609082,0.8755506607929515,0.44423981993042766
1231,4.221030039284166,0.8755506607929515,0.4461837528135871
1232,4.220754251999985,0.8766519823788547,0.4461837528135871
1233,4.2182234212375,0.8766519823788547,0.44966236955187233
1234,4.218136977818083,0.8777533039647577,0.44966236955187233
1235,4.218123044037083,0.8777533039647577,0.4497646818088807
1236,4.2180896674119985,0.8788546255506607,0.4497646818088807
1237,4.216430309666333,0.8788546255506607,0.4516063024350317
1238,4.216371398275916,0.8799559471365639,0.4516063024350317
1239,4.215597353843916,0.8799559471365639,0.4526294250051156
1240,4.2155501505121675,0.8810572687224669,0.4526294250051156
1241,4.2153647286424984,0.8810572687224669,0.4530386740331492
1242,4.215259511459666,0.8832599118942731,0.4530386740331492
1243,4.207172716420499,0.8832599118942731,0.46193984039287905
1244,4.207133826008231,0.8843612334801763,0.46193984039287905
1245,4.2056861347688805,0.8843612334801763,0.4639860855330469
1246,4.205677489863582,0.8854625550660793,0.4639860855330469
1247,4.202851484136415,0.8854625550660793,0.4667485164722734
1248,4.2024486721655,0.8865638766519823,0.4667485164722734
1249,4.2020793963099035,0.8865638766519823,0.46695314098629015
1250,4.201931665645556,0.8876651982378855,0.46695314098629015
1251,4.201663876533,0.8876651982378855,0.4672600777573153
1252,4.201651426253665,0.8887665198237885,0.4672600777573153
1253,4.201308448760333,0.8887665198237885,0.4676693267853489
1254,4.201265812990498,0.8898678414096917,0.4676693267853489
1255,4.199716427080928,0.8898678414096917,0.46920401064047473
1256,4.199634014050333,0.8909691629955947,0.46920401064047473
1257,4.183833983896167,0.8909691629955947,0.4877225291589932
1258,4.18382587082475,0.8920704845814978,0.4877225291589932
1259,4.183199963732833,0.8920704845814978,0.4886433394720687
1260,4.183191479676666,0.8931718061674009,0.4886433394720687
1261,4.180022418181334,0.8931718061674009,0.49294045426642114
1262,4.179895986796,0.8942731277533039,0.49294045426642114
1263,4.173132253783998,0.8942731277533039,0.5007161857990587
1264,4.1730915885256366,0.8953744493392071,0.5007161857990587
1265,4.172735148335333,0.8953744493392071,0.5012277470841007
1266,4.172682573790582,0.8964757709251101,0.5012277470841007
1267,4.172514990791167,0.8964757709251101,0.5014323715981175
1268,4.1723344557812485,0.8975770925110133,0.5014323715981175
1269,4.1708675728295,0.8975770925110133,0.5029670554532433
1270,4.1708553548675,0.8986784140969163,0.5029670554532433
1271,4.165839454930666,0.8986784140969163,0.5100266011868222
1272,4.1658159717905,0.8997797356828194,0.5100266011868222
1273,4.159955132565583,0.8997797356828194,0.518109269490485
1274,4.159940403154,0.9008810572687225,0.518109269490485
1275,4.158159250292498,0.9008810572687225,0.5196439533456108
1276,4.158128532996072,0.9019823788546255,0.5196439533456108
1277,4.154704792028416,0.9019823788546255,0.523634131368938
1278,4.154672881484369,0.9030837004405287,0.523634131368938
1279,4.153561402553929,0.9030837004405287,0.5251688152240639
1280,4.153517822863452,0.9041850220264317,0.5251688152240639
1281,4.148570787918748,0.9041850220264317,0.5306936771025169
1282,4.148503484003511,0.9052863436123348,0.5306936771025169
1283,4.147559209155166,0.9052863436123348,0.5318191119296092
1284,4.147523597800999,0.9063876651982379,0.5318191119296092
1285,4.1445105519954994,0.9063876651982379,0.5352977286678944
1286,4.144455739701499,0.9074889867841409,0.5352977286678944
1287,4.1409892415185,0.9074889867841409,0.539901780233272
1288,4.140987440742666,0.9085903083700441,0.539901780233272
1289,4.1401083341949985,0.9085903083700441,0.5407202782893391
1290,4.139969443832666,0.9096916299559471,0.5407202782893391
1291,4.137847667998999,0.9096916299559471,0.5434827092285656
1292,4.137685653082916,0.9107929515418502,0.5434827092285656
1293,4.134474091667832,0.9107929515418502,0.5465520769388172
1294,4.134458597888333,0.9118942731277533,0.5465520769388172
1295,4.128211388554166,0.9118942731277533,0.5548393697564968
1296,4.128204531967333,0.9129955947136564,0.5548393697564968
1297,4.126353243452583,0.9129955947136564,0.5577041129527317
1298,4.126283840108333,0.9140969162995595,0.5577041129527317
1299,4.120028394332619,0.9140969162995595,0.5649682832003274
1300,4.1198308685318805,0.9151982378854625,0.5649682832003274
1301,4.1194823886274525,0.9151982378854625,0.5654798444853694
1302,4.1194364570034985,0.9162995594713657,0.5654798444853694
1303,4.117824550367501,0.9162995594713657,0.5671168405975036
1304,4.117640516879167,0.9174008810572687,0.5671168405975036
1305,4.1162689655914155,0.9174008810572687,0.5686515244526295
1306,4.116265209630001,0.9185022026431718,0.5686515244526295
1307,4.111220061438498,0.9185022026431718,0.5744833231021076
1308,4.11121482891248,0.9196035242290749,0.5744833231021076
1309,4.1073825173734155,0.9196035242290749,0.5807243707796194
1310,4.107340846619,0.920704845814978,0.5807243707796194
1311,4.106575566660417,0.920704845814978,0.5816451810926949
1312,4.106543058601583,0.9218061674008811,0.5816451810926949
1313,4.100833954104332,0.9218061674008811,0.5905463474524248
1314,4.100819872187167,0.9229074889867841,0.5905463474524248
1315,4.098496726342,0.9229074889867841,0.5932064661346429
1316,4.098419271005667,0.9240088105726872,0.5932064661346429
1317,4.0967837546778325,0.9240088105726872,0.5943319009617353
1318,4.096590558041651,0.9251101321585903,0.5943319009617353
1319,4.095707382639583,0.9251101321585903,0.5952527112748107
1320,4.095391246750332,0.9262114537444934,0.5952527112748107
1321,4.093888170325084,0.9262114537444934,0.5966850828729282
1322,4.093853890720666,0.9273127753303965,0.5966850828729282
1323,4.088879124153071,0.9273127753303965,0.6031307550644567
1324,4.0888675033935,0.9284140969162996,0.6031307550644567
1325,4.088821708538318,0.9284140969162996,0.6032330673214651
1326,4.088797475809721,0.9295154185022027,0.6032330673214651
1327,4.088401406707666,0.9295154185022027,0.6036423163494987
1328,4.088289471975,0.9306167400881057,0.6036423163494987
1329,4.0822095339711675,0.9306167400881057,0.6109064865970943
1330,4.082054088893666,0.9317180616740088,0.6109064865970943
1331,4.074396783513666,0.9317180616740088,0.6188868426437487
1332,4.0743265515898175,0.9328193832599119,0.6188868426437487
1333,4.07316865538225,0.9328193832599119,0.6206261510128913
1334,4.072913912811666,0.933920704845815,0.6206261510128913
1335,4.072297552784,0.933920704845815,0.6217515858399836
1336,4.07209244308425,0.9350220264317181,0.6217515858399836
1337,4.069845709104166,0.9350220264317181,0.6246163290362186
1338,4.06983833962875,0.9361233480176211,0.6246163290362186
1339,4.069217273784667,0.9361233480176211,0.6250255780642521
1340,4.0689719200815,0.9372246696035242,0.6250255780642521
1341,4.0681056603285,0.9372246696035242,0.6259463883773276
1342,4.06796972154125,0.9383259911894273,0.6259463883773276
1343,4.064949719541058,0.9383259911894273,0.6289134438305709
1344,4.0649168785059855,0.9394273127753304,0.6289134438305709
1345,4.061265491753833,0.9394273127753304,0.6338244321669736
1346,4.0612572856343325,0.9405286343612335,0.6338244321669736
1347,4.055200272465333,0.9405286343612335,0.6406793533865357
1348,4.055161242947636,0.9416299559471366,0.6406793533865357
1349,4.0528844125685,0.9416299559471366,0.6435440965827706
1350,4.0526683679755005,0.9427312775330396,0.6435440965827706
1351,4.047079922487666,0.9427312775330396,0.6507059545733579
1352,4.0469115705878345,0.9438325991189427,0.6507059545733579
1353,4.045199601436167,0.9438325991189427,0.6529568242275424
1354,4.045113369806659,0.9449339207048458,0.6529568242275424
1355,4.038520094566248,0.9449339207048458,0.6604256189891549
1356,4.038345447948249,0.9460352422907489,0.6604256189891549
1357,4.03769467626325,0.9460352422907489,0.6611418047882136
1358,4.03756052133925,0.947136563876652,0.6611418047882136
1359,4.0365358205114985,0.947136563876652,0.6620626151012892
1360,4.036455050638,0.948237885462555,0.6620626151012892
1361,4.036350782963998,0.948237885462555,0.6622672396153059
1362,4.0362391809441664,0.9493392070484582,0.6622672396153059
1363,4.035155466876333,0.9493392070484582,0.6638019234704318
1364,4.0351136374215,0.9504405286343612,0.6638019234704318
1365,4.0246746341375,0.9504405286343612,0.6771025168815225
1366,4.024432111481999,0.9515418502202643,0.6771025168815225
1367,4.024086071280036,0.9515418502202643,0.6777163904235728
1368,4.024024231371,0.9526431718061674,0.6777163904235728
1369,4.0209957483,0.9526431718061674,0.681195007161858
1370,4.020902520381143,0.9537444933920705,0.681195007161858
1371,4.017518704522666,0.9537444933920705,0.6850828729281768
1372,4.017495643892402,0.9548458149779736,0.6850828729281768
1373,4.014304208502998,0.9548458149779736,0.6886638019234704
1374,4.014299106570749,0.9559471365638766,0.6886638019234704
1375,4.006769783184333,0.9559471365638766,0.6977695927972171
1376,4.006764373234834,0.9570484581497798,0.6977695927972171
1377,4.0049896060515,0.9570484581497798,0.7007366482504604
1378,4.004783971114501,0.9581497797356828,0.7007366482504604
1379,3.998867418605416,0.9581497797356828,0.7083077552690812
1380,3.9988065379235,0.9592511013215859,0.7083077552690812
1381,3.993519899936,0.9592511013215859,0.7141395539185594
1382,3.993507824381833,0.960352422907489,0.7141395539185594
1383,3.993351616899,0.960352422907489,0.7144464906895847
1384,3.9932565293206665,0.961453744493392,0.7144464906895847
1385,3.9932444976203327,0.961453744493392,0.714548802946593
1386,3.992775710285916,0.9625550660792952,0.714548802946593
1387,3.978436883895083,0.9625550660792952,0.7311233885819521
1388,3.978426144534746,0.9636563876651982,0.7311233885819521
1389,3.9777640814106032,0.9636563876651982,0.732146511152036
1390,3.977584562198345,0.9647577092511013,0.732146511152036
1391,3.9761937587704166,0.9647577092511013,0.7342950685492122
1392,3.976127246502833,0.9658590308370044,0.7342950685492122
1393,3.972016446879416,0.9658590308370044,0.7394106813996317
1394,3.9718098797468326,0.9669603524229075,0.7394106813996317
1395,3.9693378849930827,0.9669603524229075,0.7418661755678331
1396,3.969319084251678,0.9680616740088106,0.7418661755678331
1397,3.9687223195951513,0.9680616740088106,0.7426846736239001
1398,3.968599566360666,0.9691629955947136,0.7426846736239001
1399,3.9616660606034992,0.9691629955947136,0.7511765909555965
1400,3.9616039968474994,0.9702643171806168,0.7511765909555965
1401,3.957438386726,0.9702643171806168,0.7563945160630243
1402,3.9573278010086663,0.9713656387665198,0.7563945160630243
1403,3.9446195647605,0.9713656387665198,0.7704112952731738
1404,3.944613614721917,0.9724669603524229,0.7704112952731738
1405,3.944491803034,0.9724669603524229,0.7707182320441989
1406,3.9444902219589992,0.973568281938326,0.7707182320441989
1407,3.939999447834485,0.973568281938326,0.7758338448946184
1408,3.9398286683899992,0.974669603524229,0.7758338448946184
1409,3.929638610157,0.974669603524229,0.7861673828524657
1410,3.929577301248333,0.9757709251101322,0.7861673828524657
1411,3.924688318089583,0.9757709251101322,0.7897483118477594
1412,3.9246652198309993,0.9768722466960352,0.7897483118477594
1413,3.9125637994745834,0.9768722466960352,0.8005934110906486
1414,3.9125340964545,0.9779735682819384,0.8005934110906486
1415,3.9051805301655955,0.9779735682819384,0.8098015142214037
1416,3.9051587913190446,0.9790748898678414,0.8098015142214037
1417,3.8940004167126663,0.9790748898678414,0.8196234908942092
1418,3.89383126685525,0.9801762114537445,0.8196234908942092
1419,3.8895604397178336,0.9801762114537445,0.8234090444035196
1420,3.889538362814666,0.9812775330396476,0.8234090444035196
1421,3.885655215428167,0.9812775330396476,0.8277061591978719
1422,3.8853368998971662,0.9823788546255506,0.8277061591978719
1423,3.8813396864415,0.9823788546255506,0.831389400450174
1424,3.881312157042,0.9834801762114538,0.831389400450174
1425,3.8726161363993095,0.9834801762114538,0.838755882954778
1426,3.872468776044749,0.9845814977973568,0.838755882954778
1427,3.8629582205963326,0.9845814977973568,0.8468385512584408
1428,3.8628650953231665,0.98568281938326,0.8468385512584408
1429,3.8614796269103326,0.98568281938326,0.8478616738285246
1430,3.861349485681166,0.986784140969163,0.8478616738285246
1431,3.842754885221916,0.986784140969163,0.8626969510947412
1432,3.842231184509136,0.987885462555066,0.8626969510947412
1433,3.82946372889525,0.987885462555066,0.872621240024555
1434,3.829417747510417,0.9889867841409692,0.872621240024555
1435,3.7872893979547495,0.9889867841409692,0.9032126048700634
1436,3.7871923153145,0.9900881057268722,0.9032126048700634
1437,3.772295454939,0.9900881057268722,0.9124207080008185
1438,3.772199679196421,0.9911894273127754,0.9124207080008185
1439,3.7555054400225,0.9911894273127754,0.9197871905054226
1440,3.7553609500459992,0.9922907488986784,0.9197871905054226
1441,3.745010054042405,0.9922907488986784,0.9246981788418253
1442,3.7448978490794156,0.9933920704845814,0.9246981788418253
1443,3.720036262878,0.9933920704845814,0.9392265193370166
1444,3.7195763447600823,0.9944933920704846,0.9392265193370166
1445,3.7118458645834993,0.9944933920704846,0.9421935747902599
1446,3.711751046545119,0.9955947136563876,0.9421935747902599
1447,3.627022572724785,0.9955947136563876,0.9695109474114999
1448,3.626133817955,0.9966960352422908,0.9695109474114999
1449,3.611299790189416,0.9966960352422908,0.9730918764067935
1450,3.611110190266998,0.9977973568281938,0.9730918764067935
1451,3.402333552077,0.9977973568281938,0.9892572130141191
1452,3.4018126978349614,0.998898678414097,0.9892572130141191
1453,3.0473512838335832,0.998898678414097,0.9934520155514631
1454,3.03775324821706,1.0,0.9934520155514631
1455,2.4352490848585,1.0,1.0
